# compound	hyphenated	closed  (tools/build_clue_compounds.py)
a-d	1	219
a-e	5	0
a-flutter	4	11
a-ha	5	15
a-laying	1	0
a-m	1	970
a-plenty	1	15
a-reg	1	0
a-side	9	415
a-spiring	1	49
a-t	1	31477
a-tremble	1	2
ab-aba	0	2
ab-bott	0	3
ab-el	0	10
abb-ado	0	2
abba-do	0	2
abi-tat	0	2
able-bodied	8	0
about-face	3	0
about-turn	21	0
above-board	2	0
above-stairs	1	0
abs-entia	0	12
abseil-er	0	2
absent-hearted	1	0
absent-minded	43	0
absent-mindedness	3	0
ac-ed	3	1
accep-ted	1	1149
accident-prone	5	0
accom-paniment	1	147
accommo-dation	1	1144
acid-damaged	1	0
acid-head	1	0
acid-heads	1	0
acid-like	1	0
acid-user	1	0
ack-er	0	3
ack-ney	0	12
acne-riddled	1	0
across-er	1	0
across-es	0	29
act-resses	1	12
action-film	1	0
action-led	1	0
action-packed	5	0
active-wear	0	2
actor-composer	1	0
actor-director	2	0
actor-manager	1	0
ad-air	0	4
ad-am	0	155
ad-dams	0	6
ad-dis	0	3
ad-en	0	16
ad-free	1	0
ad-lib	27	0
ad-libbed	1	0
ad-libbing	3	0
ad-libs	6	1
ad-man	0	2
ad-men	1	8
ad-rink	0	3
add-in	1	0
add-is	0	3
add-on	6	0
add-ons	2	0
additive-free	2	0
addle-brained	1	0
addle-pated	2	0
admonish-er	0	2
ado-nis	0	19
adrenal-in	0	2
adult-rated	1	0
adults-only	2	0
advantage-seeker	1	0
advice-barker	1	0
ae-gean	0	34
ae-sop	0	18
aero-engine	1	0
aero-mist	1	0
aero-smith	0	4
aeroplane-minicab	1	0
affair-es	0	2
afghani-stan	0	30
afghanis-tan	0	30
after-dark	1	0
after-dinner	14	0
after-effect	8	2
after-effects	5	2
after-hours	3	0
after-life	0	10
after-party	1	0
after-school	7	0
after-show	1	0
after-work	1	0
agas-si	0	6
age-battling	1	0
age-old	25	0
age-related	4	0
age-restricted	1	0
age-weary	1	0
aggressive-looking	2	0
aggressive-submissive	1	0
agin-court	0	16
agreed-to	1	0
ah-ab	0	16
ai-da	0	46
ai-dan	0	2
ai-related	1	0
ai-res	0	6
aid-an	0	2
aide-decamp	1	0
ail-een	0	2
ain-tree	0	43
air-ambulance	1	0
air-bag	0	4
air-base	0	4
air-bed	2	1
air-beds	1	1
air-blade	0	2
air-boat	0	2
air-bound	1	0
air-con	6	13
air-conditioned	5	0
air-conditioners	1	0
air-conditioning	29	0
air-cooled	1	0
air-cooler	1	0
air-do	1	0
air-drop	1	1
air-es	0	6
air-force	0	2
air-free	1	0
air-freshener	1	0
air-fuel	1	0
air-gun	1	5
air-head	1	15
air-intake	1	0
air-kiss	1	0
air-locks	1	0
air-mail	0	6
air-mass	1	0
air-passage	1	0
air-pods	0	2
air-quality	1	0
air-raid	3	0
air-raids	1	0
air-rifle	1	0
air-screw	1	0
air-stunt	1	0
air-time	1	7
air-traffic	6	0
air-tube	2	0
aircraft-carrier	1	0
aired-ale	0	6
airy-fairy	5	0
ait-ken	0	2
ake-la	0	2
ala-in	0	5
ala-mo	0	5
ala-mos	0	2
ala-ska	0	61
ala-stair	0	16
alarm-clocks	1	0
alas-ka	0	61
alas-kans	0	6
alb-an	0	2
alb-any	0	6
alb-ion	0	26
albe-rich	0	4
alco-pop	1	0
alcohol-charged	1	0
alcohol-free	12	0
alcohol-fuelled	2	0
alcohol-induced	1	0
alcohol-related	2	0
alcohol-serving	1	0
alder-ney	0	4
alder-shot	0	14
alders-hot	0	14
ale-besotted	1	0
ale-brewing	1	0
ale-drinking	1	0
ale-fed	1	0
ale-house	1	13
ale-houses	1	3
ale-swillers	1	0
ale-swilling	1	0
alkali-treated	1	0
all-ah	0	5
all-bran	2	0
all-clear	2	0
all-comers	2	0
all-consuming	5	0
all-dancing	1	0
all-day	2	0
all-electric	1	0
all-embracing	6	0
all-en	0	35
all-encompassing	3	0
all-enveloping	1	0
all-father	1	0
all-female	7	0
all-important	5	0
all-in	11	0
all-inclusive	9	0
all-knowing	3	0
all-male	8	0
all-naked	1	0
all-night	8	0
all-nite	1	0
all-out	17	0
all-over	1	0
all-pervasive	1	0
all-points	8	0
all-powerful	9	0
all-powerfully	1	0
all-purpose	4	0
all-risk	1	0
all-round	43	0
all-rounder	27	0
all-rounders	3	0
all-seater	5	0
all-singing	1	0
all-sorts	1	0
all-star	10	0
all-time	15	0
all-too	1	0
all-weather	3	0
allotment-grown	1	0
alloy-clad	1	0
almost-lowest	1	0
alp-en	0	3
already-named	1	0
als-ace	0	12
also-ran	4	0
alt-air	0	3
alt-man	0	3
alt-on	0	3
alt-right	1	0
alt-rock	3	0
altar-screen	1	0
alter-ego	2	0
alum-root	1	0
am-bridge	0	8
am-dram	1	0
am-erica	0	2917
am-ericas	0	21
am-es	0	2
am-ex	0	2
am-ish	0	10
am-os	0	8
am-type	1	0
amar-one	0	2
amaro-ne	0	2
amber-coloured	1	0
amble-side	0	2
ambles-ide	0	2
ami-ens	0	9
ami-sh	0	10
amp-shire	0	6
amps-hire	0	6
amrit-sar	0	15
amrits-ar	0	15
an-akin	0	2
an-ax	0	2
an-dean	0	13
an-deans	0	3
an-dover	0	3
an-dress	0	2
an-drew	0	91
an-field	0	12
an-ged	0	3
an-gie	0	3
an-glia	0	27
an-gola	0	22
an-gus	0	29
an-ita	0	13
an-nan	0	3
an-ne	0	149
an-to	0	3
an-ton	0	6
an-tony	0	42
an-trim	0	15
an-twerp	0	15
ana-grammatically	0	6
ana-kin	0	2
ana-tole	0	2
anagrammatic-ally	0	6
ancestor-wise	1	0
anchor-man	1	6
ancient-looking	1	0
and-braces	1	0
and-ean	0	13
and-es	0	24
and-orra	0	7
and-over	0	3
and-re	0	11
and-rew	0	91
ange-la	0	28
ange-leno	0	2
ange-lo	0	3
ange-vin	0	3
angel-es	0	134
angel-fish	1	4
angel-ou	0	2
angelic-looking	1	0
angle-sey	0	8
angle-worm	0	2
angry-looking	11	0
angst-rom	0	3
angst-troubled	1	0
ani-ta	0	13
animal-like	1	0
animal-lover	1	0
animal-loving	1	0
anise-flavoured	1	0
aniseed-flavoured	1	0
ankle-biter	2	0
ankle-biting	1	0
ankle-length	1	0
ann-an	0	3
ann-um	0	5
ann-us	0	5
anna-bel	0	3
anno-yin	0	2
annoy-in	0	2
ant-arctic	0	47
ant-bear	1	0
ant-destroyer	1	0
ant-eater	1	19
ant-eaters	0	3
ant-lion	1	1
ant-man	1	0
ant-on	0	6
ant-rim	0	15
ante-lithic	1	0
ante-natal	1	11
anti-abortion	4	0
anti-abortionist	3	0
anti-abortionists	1	0
anti-ageing	1	0
anti-aircraft	15	0
anti-alias	1	0
anti-analogue	1	0
anti-apartheid	1	0
anti-beer	10	0
anti-bourgeois	1	1
anti-brain	1	0
anti-brit	1	0
anti-cancer	1	0
anti-capital	1	0
anti-capitalism	1	0
anti-capitalist	3	1
anti-catholic	2	0
anti-cholesterol	2	0
anti-colonialist	1	0
anti-communist	4	0
anti-congress	1	0
anti-cooking	1	0
anti-cops	1	0
anti-corrosive	1	0
anti-corruption	1	0
anti-crime	2	0
anti-dancing	1	0
anti-depressant	2	2
anti-depressants	1	2
anti-discriminatory	2	0
anti-drink	1	0
anti-drug	2	0
anti-drugs	1	0
anti-dung	1	0
anti-elitist	1	0
anti-establishment	5	0
anti-euro	2	0
anti-evolutionary	1	0
anti-evolutionist	1	0
anti-exercise	1	0
anti-fa	0	3
anti-fascist	2	1
anti-feminist	2	1
anti-flood	1	0
anti-foreigner	1	0
anti-fraud	1	0
anti-fur	1	0
anti-gas	2	0
anti-gent	1	0
anti-german	1	0
anti-glare	1	0
anti-gone	0	12
anti-google	1	0
anti-government	7	1
anti-green	1	0
anti-guan	0	7
anti-harassment	1	0
anti-hero	2	19
anti-heroine	1	0
anti-historical	1	0
anti-immigration	1	0
anti-imperialist	2	0
anti-infection	1	0
anti-inflammatory	2	0
anti-intellectual	1	0
anti-labour	2	0
anti-left	1	0
anti-listening	1	0
anti-loyalist	1	0
anti-mass	4	0
anti-matter	0	2
anti-migrant	1	0
anti-monarchist	2	0
anti-monarchy	1	0
anti-mosquito	2	0
anti-movement	1	0
anti-nationalist	1	0
anti-och	0	4
anti-oil	1	0
anti-operation	1	0
anti-oxidants	1	4
anti-personnel	1	0
anti-poll	1	0
anti-poverty	1	0
anti-prejudice	1	0
anti-private	1	0
anti-protea	1	0
anti-racist	1	1
anti-racists	1	0
anti-regalia	1	0
anti-renaissance	1	0
anti-reproduction	1	0
anti-revolutionary	1	0
anti-ritual	1	0
anti-royalist	7	0
anti-rust	4	0
anti-slavery	1	0
anti-sleep	1	0
anti-slip	1	0
anti-smokers	1	0
anti-smoking	1	0
anti-social	3	51
anti-suffragettes	1	0
anti-tank	2	1
anti-terrorism	1	0
anti-thatcher	1	0
anti-theft	1	1
anti-tourist	1	0
anti-toxin	1	3
anti-trade	3	0
anti-trump	2	0
anti-union	1	0
anti-unionism	1	0
anti-us	1	0
anti-viral	1	2
anti-war	9	2
anti-wrinkle	2	0
anti-wrinkling	1	0
antique-looking	1	0
any-more	0	4
ape-chosen	1	0
ape-king	1	0
appetite-suppressing	1	0
apple-brandy	1	0
apple-cart	3	3
apple-core	1	0
apple-like	2	0
apple-picker	1	0
apple-pie	3	0
apple-slicer	1	0
apple-splitting	1	0
appropriately-numbered	1	0
apres-ski	3	0
apricot-lover	1	0
apron-like	1	0
apron-wearer	2	0
aptly-placed	1	0
aqua-bike	1	0
aquiline-featured	1	0
ar-ab	0	763
ar-abs	0	97
ar-agon	0	5
ar-amis	0	3
ar-an	0	5
ar-buckle	0	8
ar-den	0	15
ar-en	0	217
ar-fur	0	3
ar-give	0	2
ar-go	0	10
ar-mani	0	19
ar-ne	0	6
ar-ness	0	2
ar-no	0	2
ar-nott	0	3
ar-ran	0	11
ar-riva	0	2
ar-sed	0	4
ar-sh	0	6
ar-sing	0	3
ar-tie	0	3
ar-up	0	2
arar-at	0	5
arc-hie	0	9
arc-lights	1	0
arc-shaped	2	0
arch-criminal	1	0
arch-critic	1	0
arch-deacon	1	126
arch-emperor	1	1
arch-enemies	1	0
arch-enemy	4	2
arch-felon	1	0
arch-fiend	2	1
arch-foe	1	0
arch-like	1	0
arch-moralists	1	0
arch-patriarch	1	0
arch-playmate	1	0
arch-priest	1	0
arch-rival	3	0
arch-sounding	1	0
arch-supporter	1	0
arch-toiler	1	0
arch-traitor	1	0
arch-villain	1	0
arch-villainous	1	0
arch-villains	1	0
arch-wastrels	1	0
archer-like	1	0
archer-style	2	0
archer-type	1	0
architect-designed	1	0
architecturally-distinguished	1	0
ard-beg	0	2
ard-en	0	15
ard-ware	0	2
ard-working	1	0
are-chested	1	0
aret-ha	0	5
aria-na	0	3
ark-wood	1	0
ark-wright	0	23
arm-ani	0	19
arm-raisers	3	0
arm-strong	0	65
arm-twisting	3	0
armour-plated	4	0
arms-running	1	0
arms-wise	1	0
army-stopper	1	0
army-style	1	0
aromatic-ally	0	2
arr-an	0	11
arr-assed	0	2
arras-sed	0	2
arrow-shaped	2	0
arse-backwards	1	0
arse-clenching	1	0
arse-covering	2	0
arse-grabbing	1	0
arse-hole	0	25
arse-holes	0	3
arse-kicking	1	0
arse-lickers	1	0
arse-licking	1	0
arse-like	4	0
art-eta	0	3
art-ex	0	5
art-fan	1	0
art-form	2	2
art-house	2	3
art-nouveau	1	0
art-ois	0	4
art-song	1	0
art-songs	3	0
article-free	1	0
artillery-man	0	16
artillery-men	0	18
artist-poet	1	0
ary-an	0	6
as-bo	0	12
as-cot	0	95
as-da	0	11
as-he	0	4
as-levels	1	0
as-mall	0	2
as-sad	0	5
as-sam	0	13
as-sez	0	2
as-ti	0	22
as-ton	0	21
as-tor	0	5
as-wan	0	3
ash-anti	0	2
ash-blonde	1	0
ash-coloured	1	0
ash-croft	0	2
ash-down	0	4
ash-ford	0	6
ash-grey	1	0
ash-heaps	1	0
ash-ley	0	8
ash-ton	0	2
ash-tray	0	4
ashen-faced	1	0
ass-ad	0	5
ass-am	0	13
ass-ange	0	4
ass-hole	0	2
ass-like	1	0
asset-stripping	1	0
asthma-tics	0	4
asylum-seeker	1	0
asylum-seekers	1	0
at-at	1	0
at-hens	0	185
at-home	3	0
at-hos	0	6
at-kins	0	2
at-que	0	2
at-wood	0	3
atom-bombed	1	0
atom-splitting	1	0
attendance-dependent	1	0
attention-getter	1	0
attention-grabber	1	0
attention-grabbing	6	0
attention-seeker	50	0
attention-seeking	13	0
attic-us	0	2
attorney-general	10	0
attractive-looking	1	0
attractive-sounding	1	0
audio-book	1	17
audio-books	0	2
audio-recording	1	0
audio-visual	1	5
audio-wise	2	0
august-an	0	4
august-us	0	17
austere-sounding	1	0
austral-is	0	2
authentic-sounding	1	0
author-chefs	1	0
author-poet	1	0
authoris-ation	1	64
authoritarian-ism	0	2
auto-biographical	0	8
auto-biography	1	40
auto-cannibal	1	0
auto-corrected	1	0
auto-engineered	2	0
auto-extraction	1	0
auto-maker	0	2
auto-suggestion	1	0
auto-test	1	0
autobio-graphical	0	8
automaton-like	1	0
aval-on	0	2
ave-bury	0	4
avoid-ers	0	2
award-winner	4	0
award-winners	1	0
award-winning	12	0
away-from	1	0
awe-inspiring	13	0
awe-striking	1	0
awe-struck	2	2
awful-looking	2	0
awful-sounding	5	0
awkward-looking	1	0
awl-tip	1	0
ax-minster	0	3
axe-cut	1	0
axe-head	1	0
axe-wielder	1	0
axe-wielding	2	0
axle-pin	2	0
ay-dock	0	4
ay-er	0	2
aye-aye	3	0
aye-ayes	1	0
ayes-ha	0	3
b-lister	4	21
b-road	4	165
b-roads	2	12
baa-baas	1	0
baa-lamb	1	0
babe-like	1	0
baby-carrier	1	0
baby-changing	1	0
baby-clothes	1	0
baby-faced	2	0
baby-killer	1	0
baby-kissing	1	0
baby-minder	2	0
baby-minders	1	0
baby-sat	0	2
baby-sitter	6	6
baby-sitters	1	0
baby-sitting	3	2
baby-size	1	0
baby-teeth	1	0
baby-wetter	1	0
bac-all	0	6
bac-chic	0	6
back-bench	0	2
back-bencher	1	14
back-biting	1	3
back-breaker	1	1
back-breaking	8	1
back-channel	1	0
back-cloth	1	1
back-crawl	1	0
back-directed	1	0
back-door	1	1
back-end	3	0
back-flip	1	12
back-flipping	1	3
back-flow	1	0
back-hander	3	4
back-marker	0	2
back-ordering	1	0
back-packers	1	0
back-pedal	2	0
back-pedalling	5	4
back-plate	1	1
back-room	1	4
back-seat	6	0
back-shift	1	0
back-slapping	4	1
back-stabbed	1	0
back-stabber	3	5
back-stabbing	2	1
back-stabbings	1	0
back-stage	1	22
back-story	0	3
back-street	7	34
back-to	3	0
back-tracking	3	76
back-up	31	23
back-words	1	0
backed-up	9	0
backflip-ping	0	3
backside-gyrating	1	0
backward-looking	32	0
backwards-looking	1	0
bacon-like	1	0
bacteria-ridden	1	0
bad-boy	1	0
bad-en	0	4
bad-mannered	8	0
bad-mouth	7	10
bad-mouthed	1	2
bad-mouthing	2	0
bad-tempered	167	0
badger-hunter	1	0
badger-like	3	0
badly-behaved	5	0
badly-bred	1	0
badly-cast	1	0
badly-chosen	1	0
badly-designed	1	0
badly-directed	1	0
badly-dressed	2	0
badly-educated	1	0
badly-grown	1	0
badly-lit	1	0
badly-made	3	0
badly-off	1	0
badly-organised	1	0
badly-represented	1	0
badly-synced	1	0
badly-treated	2	0
badly-written	7	0
baff-in	0	2
bag-carrier	1	0
bag-handler	2	0
bag-like	1	0
baggage-carrier	1	0
baggage-handler	2	0
bagh-dad	0	19
bah-ai	0	2
bah-rain	0	12
bail-out	3	4
bake-off	3	0
bake-well	0	2
baked-bean	1	0
baker-loo	0	2
bald-faced	1	0
bald-head	1	0
bald-headed	1	0
bald-ness	1	6
bald-pated	1	0
balk-an	0	81
ball-ard	0	2
ball-bearings	1	0
ball-boy	1	0
ball-boys	1	1
ball-breaker	2	0
ball-crushing	2	0
ball-dress	1	0
ball-game	4	4
ball-less	1	0
ball-park	0	8
ball-player	1	1
ball-point	4	8
ball-room	0	26
ball-sed	0	19
ball-shaped	1	0
ball-sing	0	2
ballet-dancer	1	0
ballet-dancing	1	0
ballet-skirt	1	0
ballot-box	2	0
balls-free	1	0
balls-inverting	1	0
balls-like	1	0
balls-up	20	0
balti-more	0	15
bamboo-lover	1	0
ban-bury	0	7
ban-gin	0	2
ban-ki	1	0
ban-non	0	3
banana-like	2	0
band-aid	7	0
band-aids	1	0
band-leader	1	35
band-mate	0	7
bandit-type	1	0
bandy-legged	1	0
bang-bang	1	0
bang-in	0	2
bang-or	0	14
banged-up	3	0
bank-note	0	20
bank-notes	0	16
bank-side	0	2
banks-ide	0	2
banner-free	1	0
bannock-burn	0	3
bantam-weight	0	2
bar-bra	0	2
bar-clays	0	11
bar-dot	0	9
bar-ham	0	2
bar-low	0	6
bar-mouth	0	2
bar-net	0	140
bar-owner	1	0
bar-parlour	2	0
bar-room	6	2
bar-tender	1	17
barb-ados	0	10
barb-ary	0	2
barber-shop	4	8
barbers-hop	0	8
bard-craft	1	0
bare-bosomed	1	0
bare-chested	2	0
bare-faced	2	6
bare-headed	2	5
bare-knuckle	2	1
bare-legged	1	1
barely-seen	1	0
barely-there	1	0
bargain-hunter	1	0
bargain-hunters	2	0
barley-water	1	0
barn-aby	0	21
barn-es	0	6
barn-sley	0	7
barn-staple	0	2
barn-um	0	7
barns-ley	0	7
barrack-room	1	0
barrel-bearer	1	0
barrel-chested	1	0
barrel-maker	9	0
barrel-rolling	1	0
barrel-shaped	3	0
barry-more	0	5
bas-el	0	8
bas-hir	0	2
bas-reliefs	1	0
bas-sett	0	2
base-line	0	11
basil-don	0	9
basilica-ta	0	2
basing-stoke	0	5
basket-maker	16	1
bass-baritone	1	0
bass-drinking	1	0
bass-sounding	1	0
basset-hound	1	0
bast-ard	0	98
bast-ards	0	12
bat-or	0	2
bat-suit	1	0
bath-time	3	2
bath-towel	1	0
batten-berg	0	3
batten-burg	0	2
batter-sea	0	14
batters-ea	0	14
battle-axe	27	9
battle-axes	1	0
battle-cruisers	1	0
battle-dress	1	2
battle-hardened	2	0
battle-ready	1	0
battle-scarred	1	0
battle-ship	1	20
battle-worn	1	0
battle-zone	1	0
bawdy-house	2	0
bay-colour	1	0
bay-ern	0	11
bay-watch	0	3
be-ale	0	6
be-aune	0	5
be-ria	0	3
be-tis	0	2
be-van	0	7
be-vin	0	5
be-zos	0	3
beach-dwellers	1	0
beach-like	2	0
beach-wear	1	35
beagle-led	1	0
bean-cheese	2	0
bean-counter	3	0
bean-curd	1	0
bean-flavoured	1	0
bean-type	1	0
bear-baiting	1	0
bear-cub	1	0
bear-hug	1	0
bear-hugs	1	0
bear-like	2	1
beard-grooming	1	0
beard-sley	0	5
beards-ley	0	5
beat-rice	0	9
beat-up	1	0
beaten-up	1	0
beau-fort	0	6
beau-ideal	1	0
beau-lieu	0	2
beau-ne	0	5
beautiful-sounding	1	0
beauty-lover	1	0
beaver-brook	0	2
beaver-like	1	0
beck-er	0	6
beck-ham	0	29
bed-bound	3	1
bed-ford	0	11
bed-hopper	2	0
bed-hopping	1	0
bed-linen	2	0
bed-making	1	0
bed-ridden	2	9
bed-sheets	0	2
bed-time	1	84
bed-warmer	1	0
bed-wear	0	2
bed-wetter	4	0
bed-wetting	1	0
bee-cham	0	5
bee-keeper	2	8
beech-am	0	5
beef-dish	1	0
beer-barrel	1	0
beer-containers	1	0
beer-covered	3	0
beer-crazed	1	0
beer-drinking	4	0
beer-guzzling	1	0
beer-maker	2	0
beer-mat	1	2
beer-minded	1	0
beer-pump	1	0
beer-swilling	1	0
beet-hoven	0	150
behind-hand	1	9
behind-pinching	2	0
bel-fast	0	72
bel-grade	0	25
bel-la	0	8
bell-boy	1	4
bell-hop	0	2
bell-like	1	0
bell-oc	0	9
bell-ringer	8	5
bell-ringers	3	2
bell-ringing	4	2
bell-rope	1	0
bell-shaped	4	0
bell-tower	1	0
belling-ham	0	2
bellows-mender	1	0
belly-ache	2	28
belly-button	3	0
belly-dancing	2	0
belly-up	6	0
below-average	1	0
below-par	2	0
below-surface	1	0
below-zero	1	0
belt-tightening	3	0
ben-edict	0	12
ben-gal	0	15
ben-in	0	16
ben-nett	0	24
ben-ny	0	14
ben-son	0	2
bench-sitters	1	0
bench-warmer	1	0
bene-dict	0	12
bene-lux	0	3
benga-lese	0	2
benga-li	0	13
beni-dorm	0	9
beni-to	0	4
bens-on	0	2
bent-ham	0	2
bent-ley	0	16
beres-ford	0	2
berg-en	0	10
berg-man	0	7
berk-off	0	2
berk-shire	0	102
berks-hire	0	102
berlin-er	0	26
berry-smeared	1	0
bespoke-quality	1	0
best-dressed	2	0
best-ever	3	0
best-known	2	0
best-laid	2	0
best-limited	1	0
best-loved	4	0
best-performing	3	0
best-seller	12	19
best-sellers	2	3
best-selling	9	7
bet-cha	0	2
bet-is	0	2
bet-sey	0	2
bet-te	0	8
better-dressed	1	0
better-half	1	0
better-looking	3	0
better-paid	1	0
better-produced	1	0
between-maid	1	0
bever-ley	0	6
beverage-paradise	1	0
bey-once	0	2
bez-os	0	3
bi-centenarian	0	8
bi-coloured	1	2
bi-curious	1	0
bi-den	0	85
bi-laterality	0	2
bi-singles	1	0
bi-sley	0	3
bi-us	0	4
bi-variant	1	0
bible-basher	3	0
bible-bashers	1	0
bible-bashing	1	0
bid-en	0	85
big-band	5	0
big-bellied	2	0
big-billed	1	0
big-boned	1	0
big-bummed	1	0
big-cat	1	0
big-chested	3	0
big-eyed	2	0
big-flowered	1	0
big-footed	1	0
big-head	1	22
big-headed	8	1
big-hearted	3	1
big-hipped	1	0
big-hitter	2	0
big-looking	1	0
big-mouthed	3	0
big-name	3	0
big-picture	1	0
big-screen	3	0
big-serving	1	0
big-shot	2	3
big-shots	0	2
big-time	6	0
big-wig	1	112
bigs-hot	0	3
bigs-hots	0	2
bike-ride	1	0
bike-shed	1	0
bikini-clad	1	0
bill-broking	1	0
bill-paying	1	0
billion-dollar	1	0
bin-bag	1	0
bin-end	1	0
bin-liner	2	0
bing-ham	0	2
bio-fuel	1	9
bio-lake	1	0
bio-scare	1	0
bio-warfare	0	2
bird-box	1	0
bird-brained	0	2
bird-call	2	3
bird-catcher	1	0
bird-dog	1	0
bird-droppings	1	0
bird-handler	1	0
bird-house	1	5
bird-keeper	1	0
bird-like	8	2
bird-lover	1	0
bird-man	1	13
bird-rearing	1	0
bird-song	0	17
bird-table	2	0
bird-tender	1	0
bird-watcher	6	10
bird-watchers	3	1
bird-watching	4	4
birk-dale	0	5
birken-head	0	3
birth-related	1	0
birthday-party	1	0
birthday-suit	1	0
bis-cay	0	4
bis-ley	0	3
biscuit-eating	1	0
bit-ch	0	32
bit-coins	0	3
bit-part	2	0
bite-sized	2	0
bitter-sweet	6	8
bitumen-like	1	0
blabber-mouth	1	2
black-adder	0	5
black-beard	0	8
black-burn	0	13
black-centred	1	0
black-clad	1	0
black-coloured	1	0
black-eyed	2	0
black-foot	0	2
black-framed	1	0
black-friars	0	4
black-hearted	2	0
black-jack	1	5
black-looking	1	0
black-marketeer	2	0
black-more	0	3
black-out	2	24
black-pool	0	42
black-shoed	1	0
black-skinned	1	0
black-sounding	1	0
black-stemmed	1	0
black-striped	1	0
black-tie	1	0
blackish-green	2	0
blade-wielder	4	0
blake-ney	0	2
blank-looking	1	0
bleary-eyed	1	0
bleeding-heart	1	0
blemish-free	2	0
blighty-bound	1	0
blind-man	1	0
blitz-en	0	3
block-heads	1	7
block-house	1	4
block-maker	1	0
blond-in	0	4
blood-covered	1	0
blood-drenched	1	0
blood-feud	3	0
blood-line	1	8
blood-red	2	0
blood-related	1	0
blood-soaked	1	0
blood-stained	3	8
blood-sucker	1	61
blood-sucking	4	12
bloody-minded	7	0
bloom-in	0	5
blooming-dale	0	2
blooms-bury	0	9
blow-dries	1	0
blow-out	13	9
blow-up	7	0
blow-waves	1	0
blown-up	5	0
blubber-covered	2	0
blubbery-sounding	1	0
blue-black	1	0
blue-blooded	2	0
blue-chip	1	0
blue-chips	1	0
blue-collar	4	0
blue-eyed	20	0
blue-flowering	1	0
blue-gold	1	0
blue-green	10	0
blue-grey	1	0
blue-ish	0	2
blue-pencil	2	0
blue-pencilled	2	0
blue-pink	1	0
blue-rinse	1	0
blue-sky	1	1
bluey-green	3	0
bluey-red	1	0
bluish-green	3	0
bluish-grey	6	0
bluish-purple	1	0
blunt-like	1	0
bo-er	0	9
bo-ers	0	6
bo-jo	0	20
bo-ney	0	6
bo-no	0	18
bo-one	0	3
bo-peep	4	0
bo-rat	0	2
bo-swell	0	4
bo-tox	0	8
bo-urges	0	2
bo-vary	0	13
bo-vril	0	8
boa-like	1	0
board-game	3	0
board-member	1	0
boarding-house	3	0
boarding-school	1	0
boat-builder	9	4
boat-building	1	0
boat-load	0	2
boat-people	1	0
boat-race	1	0
boat-rocking	1	0
boat-yard	0	5
bod-min	0	2
bodice-ripping	1	0
body-builder	14	16
body-builders	5	1
body-building	6	3
body-liner	1	0
body-mind	1	0
body-search	1	0
body-searches	1	0
body-snatcher	1	2
body-swerving	2	0
body-worker	0	2
bodywork-er	0	2
bog-nor	0	15
bog-plant	1	0
bog-standard	4	0
boll-weevil	1	0
bolling-er	0	4
bolt-hole	1	4
bolt-on	2	10
bomb-ay	0	10
bomb-dropping	1	0
bomb-maker	1	0
bomb-makers	1	0
bomb-making	1	0
bomb-thrower	1	0
bond-holders	1	1
bond-style	1	0
bone-breakers	1	0
bone-cutting	1	0
bone-dry	1	0
bone-idle	2	0
bone-picker	1	0
bone-shaped	2	0
bone-splicing	1	0
bone-strengthening	1	0
bone-type	1	0
bonk-lit	1	0
bonnet-wearing	1	0
boo-boo	5	1
boo-hoo	1	0
boo-ne	0	3
booby-trapped	5	0
book-buying	1	0
book-end	2	0
book-ends	0	2
book-er	0	7
book-keeper	7	14
book-keeping	2	5
book-lined	1	0
book-lovers	2	0
boom-box	1	1
boon-style	1	0
boorish-sounding	1	0
boot-licking	1	6
boot-tree	1	0
boot-up	1	0
booty-grabber	1	0
booty-seeker	1	0
booze-filled	1	0
booze-free	1	0
booze-swilling	1	0
booze-up	12	0
booze-ups	1	0
boozy-sounding	1	0
bor-at	0	2
bor-den	0	2
bor-is	0	354
bord-en	0	2
borde-aux	0	123
boring-looking	1	0
born-again	4	0
bos-ch	0	4
bos-well	0	4
bos-worth	0	3
boss-eyed	1	0
bossy-boots	1	0
bot-ha	0	4
bot-ham	0	20
bot-ox	0	8
botch-up	2	0
both-am	0	20
bottle-fed	1	0
bottle-neck	1	10
bottle-only	1	0
bottle-opener	6	0
bottle-openers	1	0
bottle-top	1	0
bottle-washer	1	0
bottom-ish	1	0
bottom-pinching	4	0
bottom-right	1	0
bottom-smack	1	0
bottom-up	1	0
boulder-strewn	1	0
boundary-defining	1	0
boundary-less	1	0
bourg-es	0	2
bourne-mouth	0	6
bouzouki-playing	1	0
bow-legged	1	0
bow-tie	1	1
bowl-es	0	3
bowl-like	1	0
bowl-shaped	1	0
bowled-over	1	0
bowler-brown	1	0
box-like	1	2
boxing-wise	1	0
boy-king	1	0
boy-like	1	0
boy-ne	0	2
boy-trap	1	0
bra-destroying	1	0
bra-que	0	3
bra-un	0	10
brad-bury	0	6
brad-ford	0	8
brad-ley	0	6
brad-man	0	19
brain-dead	1	3
brain-stem	0	2
brain-teaser	2	3
brain-teasers	1	1
brain-warping	1	0
bran-do	0	8
bran-son	0	8
bran-well	0	2
branching-out	1	0
brand-horst	0	2
brand-new	13	0
brans-on	0	8
bras-ilia	0	6
bras-sed	0	5
brass-bat	1	0
brass-lined	1	0
brass-rubbers	1	0
brass-section	1	0
brave-heart	0	6
brave-hearted	1	0
braver-man	0	6
brazil-bound	1	0
brazil-chile	1	0
brazil-ny	1	0
breach-loading	1	0
bread-baskets	0	2
bread-crumb	0	2
bread-crumbs	0	11
bread-like	2	1
bread-maker	3	3
bread-makers	1	0
bread-making	2	0
bread-roll	1	0
bread-winner	1	13
break-dancer	1	0
break-down	1	119
break-fast	1	690
break-in	4	1
break-ins	3	0
break-out	1	11
break-through	2	18
break-up	34	0
break-ups	1	0
breakfast-table	1	0
breakfast-time	4	0
breaking-point	2	0
breast-feeding	1	1
breast-feeds	0	2
breast-fixated	1	0
breath-bating	1	0
breath-sweetener	1	0
breath-taking	1	24
breeding-ground	3	0
breeding-place	2	0
breeding-places	1	0
breeze-block	1	1
breezy-sounding	1	0
bren-da	0	234
bren-dan	0	28
brent-alike	1	0
brent-ford	0	5
brent-wood	0	2
brew-houses	1	0
brewski-chugging	1	0
bribe-takers	1	0
brick-building	3	0
brick-carrier	6	1
brick-carrying	1	0
brick-like	1	0
brick-red	1	0
bricked-up	1	0
bride-like	1	0
brides-head	0	6
bridge-builder	2	0
bridge-building	2	0
bridge-crosser	1	0
bridge-like	0	2
bridge-player	10	0
bridle-road	1	0
bridle-roads	1	0
bridling-ton	0	2
bright-bottomed	1	0
bright-coloured	1	0
bright-eyed	1	0
bright-on	0	65
bright-red	1	0
brightly-coloured	11	0
briny-sounding	1	0
bris-bane	0	12
bristle-like	1	0
brit-ain	0	536
brit-ish	0	3485
brit-ney	0	17
brit-on	0	61
brit-ons	0	17
brit-pop	0	25
brit-ten	0	22
brit-ton	0	3
bro-adland	0	2
bro-die	0	7
bro-oke	0	6
broad-bladed	1	0
broad-casting	1	317
broad-land	0	2
broad-leaved	1	0
broad-minded	15	2
broad-moor	0	4
broad-shouldered	2	0
brock-well	0	8
broken-down	45	0
broken-hearted	8	1
broken-up	2	0
bronze-clad	1	0
bros-nan	0	6
brothel-keeper	8	0
brow-beaten	1	11
brow-ne	0	2
brown-backed	1	0
brown-coated	1	0
brown-haired	1	0
brown-nose	2	0
brown-noser	6	0
brown-nosing	2	0
brown-shirts	0	7
browned-off	1	0
brownie-importing	1	0
brownish-coloured	2	0
brownish-crimson	1	0
brownish-grey	11	0
brownish-orange	1	0
brownish-pink	1	0
brownish-purple	2	0
brownish-red	3	0
brownish-yellow	20	0
bru-beck	0	3
bru-ch	0	2
bru-in	0	3
bru-no	0	11
brum-mel	0	4
brum-mell	0	2
brush-off	6	1
brush-stroke	1	0
brush-up	5	0
brushed-up	1	0
brut-us	0	18
buck-land	0	3
bucking-ham	0	24
budget-fare	1	0
budgie-smugglers	1	0
buff-coloured	2	0
buffer-zone	1	0
buffet-car	1	0
bug-free	2	0
bug-hunters	1	0
bug-hunting	2	0
bug-infested	2	0
bug-like	2	0
bug-watching	1	0
bugle-call	2	0
build-up	26	0
building-blocks	1	0
building-up	1	0
built-in	12	0
built-up	26	0
bulb-changing	1	0
bulk-buy	2	0
bull-baiter	1	0
bull-fighting	0	2
bull-headed	2	0
bull-like	1	0
bull-ring	1	8
bullet-proof	5	4
bulling-don	0	4
bulls-eye	2	5
bulls-hit	0	11
bully-boy	1	0
bully-boys	1	0
bum-fluff	0	2
bum-shaped	1	0
bum-wiggling	1	0
bumf-luff	0	2
bump-free	1	0
bun-fight	0	3
bunged-up	1	0
bungee-jumping	1	0
bunny-men	0	2
bur-bank	0	2
bur-berry	0	4
bur-ma	0	30
bur-mese	0	28
burgh-ley	0	4
burial-place	2	0
burial-places	1	0
burling-ton	0	11
burn-ham	0	6
burn-ley	0	5
burn-out	4	1
burned-out	1	0
burnt-out	7	0
bus-driver	1	0
busby-brown	2	0
bush-like	2	0
bush-style	1	0
bushy-tailed	2	0
business-class	1	0
business-like	2	6
business-man	1	106
business-person	0	9
business-ready	1	0
business-speak	1	0
bust-up	19	0
bust-ups	1	0
but-lin	0	12
but-lins	0	4
butt-clenching	1	0
butt-first	1	0
butt-lift	1	0
butter-fingered	1	0
butter-tree	1	0
buttock-padded	1	0
button-holed	2	14
buttoned-up	6	0
buy-out	2	9
buzz-word	0	3
by-election	4	0
by-laws	2	1
by-line	1	5
by-night	1	0
by-pass	5	79
by-passed	1	12
by-play	1	0
by-product	11	0
by-products	2	0
bye-bye	5	0
bye-byes	3	0
cab-driver	1	0
cab-drivers	1	0
cab-firm	1	0
cabbage-moth	2	0
caber-tossing	7	0
cabin-boy	1	0
cabinet-maker	6	9
cabinet-making	1	0
cable-supporting	1	0
cable-tie	1	0
cack-handed	6	0
cad-bury	0	2
caesar-ean	0	7
cafe-owner	1	0
cafe-owners	1	0
cajun-style	1	0
cake-burner	1	0
cake-decorating	1	0
cake-hole	0	2
cake-maker	5	0
cake-making	3	0
cake-topping	1	0
calcium-deficient	1	0
calcium-filled	1	0
calcium-rich	1	0
call-back	2	2
call-box	2	0
call-girl	7	0
call-in	1	1
call-minder	1	0
call-out	1	0
call-sign	1	0
call-up	9	0
calm-sounding	1	0
calorie-consuming	1	0
calorie-free	6	0
calorie-laden	1	0
cam-argue	0	5
cam-bridge	0	308
cam-den	0	13
cam-orra	0	3
camber-well	0	6
came-roon	0	5
camel-hair	1	0
camel-rider	1	0
camera-loving	1	0
camera-ready	1	0
camera-shy	2	0
camo-covered	1	0
camouflage-wearing	1	0
camp-anologists	1	7
camp-bell	0	45
camp-fire	0	5
camp-town	0	3
can-can	8	11
can-do	2	0
can-is	0	2
can-opener	8	0
can-opus	0	3
can-tab	0	2
canal-side	2	0
canary-like	1	0
candle-ends	1	0
candle-ford	0	2
candle-holder	2	2
candle-maker	2	1
candle-making	1	0
candle-stick	0	14
candles-tick	0	14
candy-ass	1	0
cane-twirling	1	0
canine-cleaning	1	0
cann-es	0	38
cant-ab	0	2
canto-na	0	14
canton-ese	0	8
canvas-back	1	0
canvas-climber	1	0
cap-maker	1	0
cap-one	0	129
cape-like	1	0
capital-dwellers	1	0
capo-ne	0	129
cappuccino-only	1	0
captain-lain	1	0
car-boot	1	0
car-check	1	0
car-dew	0	2
car-diff	0	33
car-free	2	0
car-la	0	7
car-lisle	0	14
car-lo	0	7
car-los	0	5
car-mad	2	0
car-maker	1	10
car-makers	1	3
car-mel	0	2
car-mela	0	2
car-ole	0	7
car-on	0	2
car-part	1	0
car-pool	0	3
car-re	0	2
car-roll	0	23
car-sick	1	0
car-son	0	7
car-stone	0	2
car-tier	0	7
car-wash	0	2
carb-heavy	2	0
carbohydrate-free	1	0
carbon-based	1	0
carbon-bearing	1	0
carbon-capture	1	0
carbon-capturing	1	0
carbon-deficient	1	0
carbon-free	13	0
carbon-rich	3	0
card-carrying	4	0
card-castle	2	1
card-ew	0	2
card-game	11	0
card-games	2	0
card-holders	2	0
card-iff	0	33
card-player	1	0
card-players	3	1
card-playing	1	0
card-reader	1	0
card-school	1	0
card-sharp	2	0
cardinal-bishop	1	0
cared-for	2	0
career-ending	2	0
career-girl	1	0
career-minded	1	0
cargo-handler	1	0
carl-isle	0	14
carl-os	0	5
carl-sen	0	5
carl-ton	0	4
carls-berg	0	2
carls-en	0	5
carn-aby	0	4
carn-era	0	2
carne-gie	0	7
carol-singer	1	0
carol-singing	2	0
caroli-na	0	79
caroli-nas	0	2
caroli-ne	0	22
carpet-what	1	0
carr-eras	0	3
carriage-way	2	8
carrion-eater	1	0
carrot-top	2	0
carry-on	7	0
carry-out	2	0
cars-on	0	7
cars-tone	0	2
cart-horse	2	6
carton-carrier	1	0
cartoon-style	1	0
carve-up	3	0
casa-nova	0	53
case-law	1	0
case-work	0	2
cash-box	2	2
cash-crazy	1	0
cash-crop	1	0
cash-deficient	1	0
cash-holder	1	0
cash-receiver	1	0
cash-strapped	3	0
casino-goers	1	0
cask-fermented	1	0
cask-maker	1	0
cast-iron	16	0
cast-off	14	0
cast-offs	1	1
caster-bridge	0	4
castle-bar	0	2
castle-builders	1	0
castle-dweller	1	0
cat-burglar	1	0
cat-call	1	23
cat-flaps	1	0
cat-hay	0	2
cat-killer	1	0
cat-like	6	11
cat-man	1	0
cat-sit	1	0
cat-walk	0	17
cat-woman	0	3
catastrophic-ally	0	5
catch-phrase	0	40
catch-phrases	0	2
category-seven	1	0
catholic-protected	1	0
cattle-catching	1	0
cattle-fair	1	0
cattle-herder	1	0
cattle-raising	1	0
cava-fy	0	2
cave-dweller	7	0
cave-dwellers	2	0
cave-in	1	0
cave-maintainers	1	0
caveman-speak	1	0
cease-fire	2	51
cee-fax	0	2
cel-tic	0	104
celeb-obsessed	1	0
celeb-worshippers	1	0
celebrity-oriented	1	0
celebrity-style	1	0
cell-mate	0	3
cellar-bound	1	0
centrally-heated	1	0
centre-back	3	0
centre-forward	2	0
centre-half	13	0
centre-left	3	0
centre-line	1	0
centre-page	4	0
centre-piece	0	83
centre-pieces	1	5
centre-right	1	0
centre-spot	1	0
centre-spread	1	1
centre-stage	1	0
centuries-old	1	0
century-old	1	0
cereal-eating	1	0
cereal-growing	1	0
cereal-producing	1	0
ch-an	0	4
ch-arles	0	381
ch-cheeky	1	0
ch-el	0	5
ch-er	0	29
ch-ester	0	40
ch-evening	0	2
ch-oi	0	3
ch-oo	0	2
cha-cha	5	0
cha-gall	0	5
cha-rente	0	2
cha-wallah	1	0
chair-covering	1	0
chal-dean	0	4
chalk-based	1	0
change-over	2	8
changing-room	1	0
channel-hop	2	0
channel-hopper	1	0
channel-hopping	1	0
chant-illy	0	3
chap-lin	0	16
char-ley	0	6
char-li	0	2
char-lie	0	1342
char-lies	0	8
char-on	0	12
char-tres	0	8
character-building	1	0
character-changing	1	0
character-forming	8	0
characteristic-ally	0	11
charge-sheet	1	0
charity-shop	1	0
chart-res	0	8
chart-reuse	0	10
chart-topper	12	0
chart-topping	7	0
charter-house	0	3
chat-ham	0	4
chat-line	1	2
chat-room	2	4
chat-show	1	1
chat-up	4	0
chats-worth	0	2
chatter-ley	0	9
che-am	0	7
che-ney	0	3
che-ops	0	3
che-shire	0	85
che-shunt	0	3
che-vitrines	1	0
cheap-looking	1	0
cheap-sounding	1	0
cheaply-built	1	0
cheated-on	3	0
check-in	3	0
check-up	20	1
cheer-leader	1	14
cheer-leaders	0	5
cheer-leading	0	2
cheerlead-er	0	14
cheerlead-ers	0	5
cheese-coated	2	0
cheese-eater	1	0
cheese-lovers	1	0
cheese-loving	1	0
cheese-maker	6	5
cheese-makers	1	1
cheese-making	4	1
cheese-monger	0	2
cheese-paring	1	2
cheese-producing	1	0
chemical-free	1	0
cherry-bound	1	0
cherry-hued	1	0
cherry-red	1	0
chert-sey	0	2
chess-piece	1	9
chess-player	1	1
chest-beater	1	0
chest-beating	1	0
chest-er	0	40
chest-of	1	0
chestnut-mounted	1	0
chi-anti	0	18
chi-lean	0	31
chi-leans	0	2
chic-ago	0	75
chica-go	0	75
chich-ester	0	4
chick-pea	0	5
chick-peas	0	4
chicken-feed	0	4
chicken-hearted	3	0
child-bearing	7	0
child-devouring	1	0
child-exploiter	1	0
child-free	2	0
child-friendly	3	0
child-killer	1	0
child-king	1	0
child-minder	4	22
child-minders	0	7
child-rearing	2	0
child-resistant	1	0
chile-an	0	31
chill-out	2	0
chilled-out	2	0
chimney-back	1	0
chimney-cleaners	1	0
chimney-cowl	1	0
chimney-sweep	1	0
chimney-sweeping	1	0
chin-amen	0	2
chin-aware	0	2
chin-chin	1	0
chin-ese	0	822
chin-wag	1	6
china-like	1	0
china-man	0	5
china-men	0	2
china-town	0	9
china-ware	0	2
chip-shop	1	0
chis-wick	0	7
chisel-jawed	1	0
chit-chat	10	6
chitty-chitty	1	0
choc-ice	3	0
chock-full	1	0
chocolate-box	2	0
chocolate-coated	1	0
chocolate-covered	3	0
chocolate-like	1	0
cholesterol-free	1	0
cholesterol-packed	1	0
cholesterol-reducing	1	0
chop-chop	1	0
chop-house	0	3
chop-stick	1	6
chopped-up	5	0
chorus-girl	1	0
chow-chow	1	0
christen-ins	1	0
chromium-coated	1	0
chub-like	1	0
chubby-cheeked	1	0
chubby-faced	1	0
chucking-out	1	0
chuckle-head	1	0
chunder-making	1	0
chur-chill	0	59
church-goer	0	22
church-goers	0	26
church-going	0	3
church-ill	0	59
church-roof	1	0
church-state	1	0
church-warden	0	21
church-wardens	0	4
church-wide	1	0
churchward-en	0	21
churchward-ens	0	4
churchy-sounding	1	0
churner-out	1	0
cider-drinking	2	0
cider-making	1	0
cigar-maker	1	0
cigar-ring	1	0
cigar-shaped	1	0
cigarette-end	1	0
cigarette-ends	1	0
cigarette-lighter	1	0
cinders-like	1	0
cine-film	1	0
cinema-goers	1	1
cinema-lover	1	0
cipher-loaded	1	0
circuit-breaker	1	0
circumference-diameter	1	0
circus-goers	1	0
city-backed	2	0
city-bred	1	0
city-dweller	10	0
city-dwellers	3	0
city-focused	2	0
city-related	1	0
city-state	10	0
city-wide	1	0
claim-in	0	2
clap-ham	0	9
clap-ridden	1	0
clap-ton	0	23
clapped-out	25	0
claret-covered	1	0
claret-stained	1	0
class-conscious	4	0
class-distinction	1	0
class-style	1	0
claw-footed	1	0
clay-based	1	0
clay-firing	1	0
clay-pigeon	2	0
clay-pit	1	0
clay-ton	0	2
clean-cut	12	0
clean-limbed	2	0
clean-living	2	0
clean-out	1	0
clean-shaven	5	0
clean-up	19	1
clean-ups	1	0
cleaned-out	1	0
cleaning-mop	1	0
clear-cut	4	0
clear-headed	5	0
clear-out	9	3
clear-sighted	1	0
clear-up	1	0
cleared-out	1	0
clergy-house	1	0
clergy-woman	0	4
cleve-land	0	15
clever-clever	1	0
clever-clogs	2	0
clever-sounding	1	0
cliche-ridden	1	0
cliff-face	2	0
cliff-ledge	1	0
cliff-ord	0	5
cliff-side	1	0
cliff-top	3	1
clift-on	0	4
climate-changing	1	0
climax-free	1	0
climb-down	5	1
climbing-frame	1	0
clinger-on	1	0
clinker-built	1	0
clint-on	0	118
clip-art	1	2
clip-clop	1	0
clip-clops	1	0
clip-on	1	0
clock-climbers	1	0
clock-face	1	0
clock-maker	2	5
clock-making	2	0
clock-watcher	1	0
clock-watching	1	0
close-bound	1	0
close-cropped	1	0
close-fisted	1	0
close-fitting	28	0
close-grained	1	0
close-in	1	0
close-knit	9	0
close-miss	1	0
close-packed	1	0
close-pressed	1	0
close-run	2	0
close-up	13	0
closed-circuit	2	0
closed-down	1	0
closed-in	1	0
closed-off	1	0
closely-arranged	1	0
closely-related	1	0
closely-set	1	0
closely-woven	1	0
cloth-worker	1	1
clothes-drier	1	0
clothes-hire	1	0
clothes-horse	3	2
clothes-line	4	0
clothes-mad	2	0
clothes-maker	1	0
clothes-shopping	1	0
cloud-covered	1	0
cloud-kissing	1	0
cloud-like	0	2
clous-eau	0	6
clove-hitch	1	0
cloven-hoofed	1	0
clover-like	1	0
clown-fish	0	2
club-shaped	1	0
clubbing-holiday	1	0
clue-do	0	16
clue-solving	1	0
clue-type	1	0
clue-writers	1	0
clued-up	4	0
co-ed	9	6
co-eds	2	4
co-op	21	15
co-operate	23	15
co-operated	3	0
co-operates	1	1
co-operating	8	6
co-operation	21	11
co-operative	19	15
co-ops	2	7
co-opt	2	0
co-opts	1	1
co-ordinate	15	18
co-ordinated	12	11
co-ordinates	15	16
co-ordinating	1	0
co-ordination	5	13
co-ordinator	4	2
co-partner	1	0
co-partners	1	1
co-pilot	9	2
co-pilots	3	0
co-wrote	3	0
coach-driver	1	0
coach-horse	1	0
coach-horses	3	0
coach-maker	1	0
coal-burning	1	0
coal-face	0	5
coal-fires	1	0
coal-hole	1	0
coal-mine	0	11
coal-miner	0	2
coal-mining	0	2
coal-pit	0	6
coal-scuttle	2	0
coal-tit	1	0
coarse-grained	3	0
coarse-mouthed	1	0
coarse-sounding	1	0
coast-bound	1	0
coast-guards	1	1
coast-land	0	2
coat-curling	1	0
coat-hangers	1	0
coat-shedding	1	0
coat-tails	1	0
cob-ain	0	3
cob-den	0	2
coca-cola	7	0
cocaine-free	1	0
cock-burn	0	2
cock-crow	0	4
cock-eyed	2	3
cock-up	25	1
cocked-up	2	0
coco-palm	1	0
cod-fishery	1	0
cod-like	1	0
cod-piece	1	5
code-breaker	10	7
code-breakers	3	0
code-breaking	4	0
code-name	0	2
coffee-colour	1	0
coffee-drinking	1	0
coffee-house	2	1
coffee-maker	9	0
coffee-shop	2	0
coffin-bearer	1	0
coffin-lid	1	0
cog-wheel	0	4
coil-shaped	1	0
coin-operated	2	0
coin-spinner	1	0
coked-out	1	0
col-chis	0	2
col-ditz	0	7
col-lins	0	28
col-man	0	2
col-mar	0	2
col-umbo	0	7
cola-da	0	2
cold-blooded	52	1
cold-callers	1	0
cold-filled	1	0
cold-hearted	8	0
cold-hot	1	0
cold-play	0	12
cold-shoulder	2	0
cold-shouldering	1	0
cold-shoulders	1	0
cold-sufferer	2	0
cold-water	1	0
cold-weather	3	0
cole-man	0	2
cole-ridge	0	26
cole-slaw	0	2
coles-law	0	2
coliseum-based	1	0
coll-ins	0	28
collar-bone	0	2
collecting-tin	1	0
collection-box	1	0
college-head	1	0
college-run	1	0
colour-blending	1	0
colour-blind	1	0
colour-fast	1	0
colour-fully	0	2
colour-sergeant	1	0
cols-ton	0	2
com-batting	0	2
com-eth	0	8
com-in	0	3
com-me	0	6
com-munist	1	561
com-te	0	2
combat-ting	0	2
combination-safe	1	0
come-back	3	797
come-backs	0	3
come-down	1	16
come-hither	2	0
come-on	6	0
come-ons	1	0
come-uppance	3	21
comedic-ally	0	2
comic-book	3	0
comic-strip	1	0
coming-together	1	0
commander-in	1	0
commercially-produced	1	0
common-sounding	2	0
commonly-spoken	1	0
commonwealth-era	1	0
communist-controlled	1	0
comp-ton	0	2
company-free	1	0
competent-sounding	1	0
complete-sounding	1	0
compo-sition	1	636
composer-king	1	0
composer-violinist	1	0
compt-on	0	2
computer-aided	5	0
computer-assisted	1	0
computer-based	1	0
computer-controlled	2	0
computer-generated	7	0
computer-orientated	1	0
con-an	0	11
con-artist	1	0
con-artists	1	0
con-dor	1	8
con-man	0	26
con-men	0	4
con-naught	0	2
con-nor	0	23
con-rad	0	23
con-ran	0	4
con-stance	0	4
con-taining	1	1503
conceited-looking	1	0
concert-halls	1	0
concert-master	1	1
conch-ita	0	2
cone-shaped	2	0
conference-goers	1	0
conflict-free	2	0
confrontation-ally	0	2
conger-eel	4	0
congo-lese	0	3
conked-out	1	0
conn-aught	0	2
conn-ell	0	3
conn-or	0	23
conscience-stricken	2	1
consciousness-wise	1	0
conservative-biased	1	0
conservative-democratic	1	0
conservative-labour	3	0
conservative-liberal	2	0
conservative-republican	1	0
conservative-supporting	1	0
conspicuous-looking	1	0
constitution-ally	0	3
contact-tracing	1	0
contamination-free	1	0
contemporary-era	1	0
content-free	4	0
content-wise	1	0
continental-style	1	0
contra-ire	0	35
convenient-sounding	4	0
conventionally-run	1	0
coo-kin	0	2
cook-in	0	2
cool-headed	4	1
cool-hearted	1	0
cool-looking	1	0
cool-sounding	2	0
cool-temperature	1	0
cooling-off	1	0
coot-like	1	0
cop-land	0	3
cop-out	3	0
cop-outs	2	0
cop-shop	1	2
cop-tic	0	4
copper-backed	2	0
copper-bottomed	1	0
copper-colour	1	0
copper-coloured	1	0
copper-covered	1	0
copper-field	0	21
copper-lined	3	0
copper-plated	1	0
copper-toned	1	0
copy-cat	1	7
copy-editor	2	0
cor-by	0	12
cor-en	0	2
cor-in	0	2
cor-leone	0	10
cor-tes	0	4
cork-screw	0	11
cork-screws	0	3
corks-crew	0	11
corks-crews	0	3
corn-cobs	0	2
corn-ell	0	2
corn-exchange	1	0
corn-grinding	1	0
corn-ground	1	0
corn-ish	0	240
corn-meal	0	7
corn-wall	0	154
corner-cutting	1	0
corner-man	1	0
corner-stone	0	2
corners-tone	0	2
cornet-playing	1	0
cornet-shaped	1	0
corni-sh	0	240
corpse-carrier	1	0
correct-sounding	1	0
corres-pondent	1	111
corruption-free	1	0
corset-wearing	1	0
cos-sack	0	4
cos-sacks	0	2
cos-tas	0	5
coss-ack	0	4
cost-as	0	5
cost-cutters	1	0
cost-effective	3	0
cots-wold	0	6
cots-wolds	0	9
cotton-processors	1	0
couch-dwellers	1	0
couch-potato	1	0
count-down	1	24
counter-accusations	1	0
counter-act	1	8
counter-advantage	1	0
counter-agent	6	1
counter-agents	1	0
counter-argument	3	6
counter-arguments	1	0
counter-attack	8	5
counter-bid	1	0
counter-claim	1	2
counter-culture	1	0
counter-flowing	1	0
counter-informant	1	0
counter-intelligence	6	0
counter-intuitively	0	3
counter-manoeuvres	1	0
counter-measure	0	2
counter-moves	1	0
counter-occupation	1	0
counter-plot	1	2
counter-productive	3	2
counter-proposal	1	0
counter-reformation	1	0
counter-revolution	5	0
counter-revolutionaries	1	0
counter-revolutionary	11	0
counter-spy	0	2
counter-statement	1	1
counter-tenor	3	5
counter-tenors	1	1
counter-terrorist	1	0
counters-py	0	2
counting-house	1	0
country-dweller	3	0
country-folk	3	2
country-house	1	0
country-lover	6	0
country-lovers	1	0
country-loving	2	0
country-side	1	124
country-specific	1	0
country-style	4	0
course-finding	1	0
court-based	1	0
court-house	0	6
court-martial	1	0
coven-try	0	53
cover-up	79	0
cover-ups	10	0
covered-up	1	0
cow-catcher	1	5
cow-ell	0	7
cow-es	0	16
cow-girl	1	7
cow-ley	0	3
cow-per	0	3
cowboy-style	1	0
cowp-er	0	3
crab-like	1	0
crab-oil	1	0
crack-smoker	1	0
cradle-song	1	1
cradle-songs	1	0
craft-based	1	0
craft-worker	1	1
crafts-people	0	9
crane-like	2	0
crash-helmet	1	0
crash-land	1	0
crash-mat	1	1
crash-test	2	0
cratch-it	0	6
crate-full	1	0
crate-red	0	2
craw-ley	0	4
cream-cake	1	0
cream-covered	1	0
creamy-white	3	0
creative-sounding	1	0
credit-card	1	0
credit-free	1	0
credit-grabbing	1	0
creepy-crawly	34	0
creepy-sounding	1	0
crescent-shaped	4	0
crew-cut	1	0
cricket-field	1	0
cricket-loving	2	0
crime-an	0	22
crime-busting	1	0
crime-fighter	9	2
crime-fighters	2	2
crime-fighting	1	0
crime-infested	1	0
crime-solving	1	0
crime-writer	1	0
crimson-brown	1	0
crimson-skinned	1	0
criss-cross	1	1
criss-crossed	1	0
crop-growing	2	0
crop-spoiling	1	0
crop-twirling	1	0
cross-beam	2	4
cross-bearer	1	0
cross-border	5	0
cross-bred	2	1
cross-breed	2	4
cross-channel	17	0
cross-country	42	1
cross-culturally	1	0
cross-dressed	2	0
cross-dresser	14	0
cross-dressers	2	0
cross-dressing	16	1
cross-examination	5	0
cross-examine	1	0
cross-examined	2	0
cross-examiner	2	0
cross-examining	1	0
cross-eyed	2	0
cross-fertilise	1	0
cross-fertilised	1	0
cross-index	1	0
cross-legged	2	0
cross-makers	1	0
cross-party	3	0
cross-piece	1	14
cross-purposes	3	0
cross-question	1	0
cross-reference	6	0
cross-referenced	1	0
cross-section	9	0
cross-shaped	1	0
cross-sounding	1	0
cross-stitch	1	0
cross-talk	1	0
cross-talking	1	0
crossing-place	1	0
crossing-point	1	0
crossword-er	0	4
crossword-ers	0	6
crossword-obsessed	1	0
crossword-solving	2	0
crotch-hugging	1	0
crouch-back	0	3
crow-bar	0	7
crow-like	1	0
crowd-pleaser	1	0
crowd-puller	1	0
crowd-pullers	1	0
crown-wearer	1	0
crucial-sounding	3	0
crude-sounding	2	0
cruise-line	1	0
crustacean-like	1	0
cry-baby	1	13
cry-er	0	2
crystal-gazer	1	0
crystal-meth	1	0
cub-an	0	72
cub-bearer	1	0
cubby-hole	0	2
cud-chewers	1	0
cud-chewing	3	0
cuddly-looking	1	0
cue-ball	1	0
cuff-links	1	1
cum-mings	0	16
cumber-land	0	2
cunningly-placed	1	0
cup-bearer	7	5
cup-bearers	1	0
cup-carrying	1	0
cup-holder	7	2
cup-holders	1	0
cup-holding	1	0
cup-shaped	1	0
cup-tie	10	0
cup-ties	1	0
cup-winning	2	0
cur-star	1	0
cur-tis	0	10
cure-all	13	0
curio-user	0	4
curious-er	0	4
curled-up	1	0
curling-stone	1	0
curly-haired	1	0
curly-headed	1	0
current-control	1	0
curry-house	3	0
curse-word	1	0
curt-is	0	10
curtain-raiser	2	0
custard-pie	1	0
custom-built	3	0
custom-made	3	0
customs-wise	1	0
cut-back	4	39
cut-down	14	0
cut-glass	2	0
cut-off	20	2
cut-offs	1	1
cut-out	7	1
cut-price	20	0
cut-throat	13	1
cut-up	3	0
cutie-pie	1	0
cutting-edge	29	0
cyanide-laced	1	0
cyber-address	1	0
cyber-attack	1	1
cyber-bully	1	3
cyber-crime	0	7
cyber-criminal	1	0
cyber-criminals	1	1
cyber-domains	1	0
cyber-image	1	0
cyber-intelligence	1	0
cyber-physiological	1	0
cycle-maker	1	0
cyclops-like	1	0
cyclops-style	1	0
da-homey	0	2
da-lek	0	13
da-leks	0	6
da-ley	0	21
da-mien	0	10
da-mon	0	11
da-na	0	4
da-ne	0	74
da-ren	0	19
da-vid	0	212
da-vies	0	11
da-vina	0	2
da-vis	0	26
da-vison	0	2
dad-dancing	1	0
dad-hugger	1	0
dada-inspired	1	0
dae-sh	0	5
daedal-us	0	11
daft-sounding	1	0
dagger-concealer	1	0
dagger-like	1	0
daiquiri-infused	1	0
dairy-free	2	0
daisy-like	1	0
dak-ar	0	8
dal-ai	0	7
dal-las	0	44
dal-ton	0	3
dal-yell	0	2
dali-bor	0	3
dalt-on	0	3
dam-ascus	0	9
dam-builder	1	0
dam-busting	1	0
dam-ned	0	100
dam-on	0	11
damp-course	1	1
damp-courses	1	0
dan-es	0	29
dan-ish	0	128
dan-ny	0	20
dan-te	0	60
dan-ube	0	22
dance-floor	2	5
dance-hall	3	2
dance-music	1	0
dance-pop	1	0
dance-related	1	0
dancing-girl	3	0
dangerous-waste	1	0
dapple-grey	1	0
dare-devil	6	33
dared-evil	0	33
dari-us	0	4
dark-coloured	5	0
dark-haired	12	0
dark-hued	2	0
dark-looking	1	0
dark-orange	1	0
dark-red	2	0
dark-shaped	1	0
dark-skinned	1	0
darker-hued	1	0
darkish-coloured	1	0
darling-ton	0	5
darn-ay	0	2
darn-ley	0	2
dart-ford	0	2
dart-maker	1	0
dart-moor	0	33
dart-mouth	0	3
darts-playing	1	0
dash-wood	0	2
data-base	1	12
data-processing	1	0
data-storage	1	0
date-line	2	4
date-wise	1	0
daughter-less	1	0
daw-kins	0	11
daw-son	0	8
dawk-ins	0	11
daws-on	0	8
day-care	2	2
day-lewis	2	0
day-long	1	0
day-old	3	0
day-return	1	0
day-shift	1	0
day-time	1	17
day-tripper	3	1
day-trippers	1	0
days-out	1	0
de-oxygenated	1	2
de-tailed	1	576
dead-beat	5	5
dead-centre	1	0
dead-end	18	0
dead-eyed	1	0
dead-head	2	2
dead-headed	5	7
dead-heat	1	0
dead-pan	0	11
dead-pool	0	2
dead-set	1	0
dead-weight	1	0
dead-wood	1	4
deaf-ish	1	0
deal-breaker	1	0
deal-maker	2	0
deal-makers	1	0
death-bed	0	2
death-dealing	3	0
death-defying	2	0
death-like	1	0
death-trap	1	1
debt-collection	1	0
debt-collector	5	0
debt-free	2	0
debt-laden	1	0
debt-ridden	1	1
decent-sounding	1	0
decimal-based	1	0
decision-maker	7	0
decision-makers	3	0
decision-making	6	0
deck-chair	0	2
deck-hand	0	4
decked-up	1	0
decoration-wise	1	0
dee-pish	0	2
dee-side	1	2
deep-dyed	1	0
deep-felt	2	0
deep-filled	1	0
deep-fried	20	0
deep-fry	3	0
deep-ish	0	2
deep-rooted	3	0
deep-sea	6	0
deep-seated	2	0
deep-sounding	1	0
deep-sunk	1	0
deep-toned	1	0
deep-voiced	4	0
deeper-sounding	1	0
deer-hunting	1	0
dees-ide	0	2
def-oe	0	12
defective-sounding	1	0
degree-holder	3	0
del-aware	0	66
del-hi	0	58
del-ish	0	3
del-os	0	2
del-phi	0	7
deli-bar	1	0
deli-lah	0	13
deli-sh	0	3
deli-us	0	8
delivery-based	1	0
delivery-maker	1	0
delivery-man	2	15
delivery-time	1	0
delta-wing	1	0
demi-mondaine	1	0
democrat-socialist	1	0
democrat-type	1	0
den-by	0	2
den-ch	0	11
den-is	0	14
den-mark	0	62
den-nis	0	32
den-ny	0	2
den-te	0	6
densely-packed	1	0
depress-sed	0	2
depressed-sounding	1	0
derby-shire	0	54
desert-like	1	0
desi-rin	0	2
desk-bound	1	1
devil-dealer	1	0
devil-dodger	1	0
devil-embracing	1	0
devil-like	1	0
devil-possessed	4	0
devil-woman	1	0
devil-worship	1	0
devil-worshipper	3	0
dexter-type	1	0
dial-tone	1	0
dial-up	1	0
diamond-based	1	0
diamond-shaped	2	0
diary-user	1	0
diary-writing	1	0
dicky-bird	1	0
dictionary-like	1	0
diddly-squat	2	0
die-cast	3	0
die-casting	1	0
die-go	0	20
die-hard	3	12
die-hards	1	4
diet-enhancing	1	0
diet-rich	0	2
diff-ord	0	2
digitally-recorded	1	0
dilly-dallies	1	0
dilly-dally	2	0
dilly-dallying	1	0
dim-looking	1	0
dim-mock	0	2
dim-outs	1	0
dim-witted	10	3
dimble-by	0	5
dimly-lit	1	0
din-din	1	0
din-dins	1	0
din-in	0	2
ding-dong	13	1
dining-car	2	0
dining-hall	1	0
dining-room	10	0
dining-table	1	0
dinner-dance	3	0
dinner-date	1	0
dinner-set	1	0
dinner-time	5	6
dinner-ware	0	2
dinosaur-like	1	0
direct-sounding	1	0
direction-finder	4	0
direction-finders	1	0
direction-finding	1	0
direction-less	1	3
director-general	16	0
dirt-cheap	3	0
dirt-like	1	0
dirt-poor	1	0
dirty-looking	3	0
dirty-minded	1	0
dirty-sounding	1	0
dis-can	1	0
dis-coth	0	2
dis-inclination	1	22
dis-ley	0	2
dis-ney	0	173
dis-orderly	1	199
dis-proportionate	0	5
dis-proportionately	0	2
dis-qualification	0	8
dis-respected	0	2
dis-tel	0	3
disaster-relief	1	0
disc-jockey	1	0
disc-oth	0	2
disease-bearing	1	0
disease-carrying	1	0
disease-causing	1	0
disease-free	1	0
disease-prone	1	0
disease-ridden	2	0
dishonest-sounding	1	0
disk-breaking	1	0
dismal-looking	2	0
disproportion-ate	0	5
distance-learning	1	0
distant-sounding	1	0
distress-signal	1	0
ditch-water	0	2
div-orc	0	9
divine-led	1	0
divine-like	1	0
diving-birds	1	0
diving-board	1	0
dixi-eland	0	9
dixie-land	0	9
do-ha	0	9
do-in	0	7
do-lores	0	3
do-minic	0	9
do-naught	1	0
do-one	0	9
do-reen	0	3
do-right	1	0
do-ug	0	13
dob-son	0	3
dock-lands	0	6
dock-worker	1	1
doctor-fashion	1	0
doctor-lite	1	0
doctor-priest	2	0
docu-soap	1	1
document-writer	1	0
dodgy-dealing	1	0
dodo-like	1	0
doe-eyed	2	0
dog-drawn	1	0
dog-ear	1	0
dog-eared	5	0
dog-end	6	0
dog-ends	1	0
dog-fight	0	4
dog-fish	1	8
dog-food	1	1
dog-handler	3	0
dog-hater	1	0
dog-house	1	21
dog-kennel	2	0
dog-lead	1	0
dog-leg	2	3
dog-like	3	1
dog-lovers	1	0
dog-rose	1	0
dog-sit	1	0
dog-sitter	1	0
dog-sledder	1	0
dog-soldier	1	0
dog-star	1	0
dog-tired	8	0
dog-trainer	1	0
dog-washing	1	0
doggy-bags	1	0
doggy-style	1	0
dogs-bodies	0	2
doll-like	1	0
dolled-up	1	0
dolor-es	0	3
dom-bey	0	4
dom-ingo	0	8
dome-shaped	5	0
domination-related	1	0
dominatrix-fashion	1	0
don-caster	0	8
don-egal	0	16
don-er	0	4
don-na	0	68
don-nelly	0	2
done-by	1	0
done-for	1	0
done-gal	0	16
done-gan	0	2
done-in	1	0
donkey-work	2	0
donor-insemination	1	0
doo-dah	1	12
doo-little	0	13
doo-ne	0	9
doof-er	0	2
doom-laden	2	0
doom-merchant	2	0
doom-monger	2	0
door-keeper	0	15
door-keepers	0	6
door-man	0	49
door-men	0	10
door-minder	1	0
door-plate	1	0
door-step	1	24
door-window	1	0
dope-needer	1	0
dope-smuggling	1	0
dor-een	0	3
dor-is	0	65
dor-king	0	8
dor-ma	0	7
dor-mobile	0	3
dor-rit	0	2
dor-set	0	91
dorr-it	0	2
doss-house	0	3
dot-com	1	1
double-act	3	0
double-action	1	0
double-agent	1	0
double-barrelled	4	0
double-bend	1	0
double-bends	1	0
double-booking	1	0
double-bottomed	1	0
double-breasted	1	0
double-canned	1	0
double-check	2	0
double-checked	1	0
double-checks	1	0
double-cross	15	0
double-crossed	5	0
double-crosser	6	0
double-crosses	2	0
double-crossing	6	0
double-d	4	184
double-date	1	0
double-dealer	3	1
double-dealing	8	0
double-decker	17	0
double-digit	3	0
double-dipping	1	0
double-dotty	1	0
double-edged	8	0
double-entry	3	0
double-faced	1	0
double-glazed	1	0
double-header	2	0
double-jointed	2	0
double-length	3	0
double-lidded	1	0
double-page	3	0
double-parking	2	0
double-power	1	0
double-sided	2	0
double-take	1	0
double-talk	1	0
double-tongued	1	0
doubled-up	2	0
doubly-held	1	0
dough-boy	0	4
dough-boys	0	2
dough-covered	1	0
doughnut-shaped	3	0
doughty-sounding	1	0
dove-like	1	0
down-and	1	0
down-ed	1	52
down-ing	1	84
down-market	0	9
down-payment	2	0
down-river	1	0
down-sides	0	2
down-trodden	2	36
down-under	1	0
download-able	0	6
downs-ides	0	2
drag-hunting	1	0
drag-net	0	6
drag-nets	1	1
dragon-fighter	1	0
dragon-slayer	2	0
drain-pipe	0	6
drain-pipes	0	6
drained-out	1	0
draw-sheet	1	0
drawing-board	1	0
drawing-pin	1	0
drawing-rooms	1	0
drawn-out	12	0
dread-locked	0	2
dreadful-sounding	2	0
dream-home	2	0
dream-inducer	1	0
dream-laden	1	0
dream-like	1	9
dream-time	0	2
dress-circle	1	0
dress-conscious	1	0
dress-in	0	5
dress-rehearsal	2	0
dress-tie	1	0
dress-wearing	1	0
dress-wise	1	0
dressed-up	2	0
dressing-down	1	0
dressing-gown	7	2
dressing-room	2	0
dressing-table	2	0
dressing-up	1	0
dried-out	2	0
dried-up	3	0
drift-raced	1	0
drift-wood	0	2
drill-master	1	0
drill-sergeant	3	0
drink-containing	1	0
drink-driver	1	0
drink-free	1	0
drink-fuelled	1	0
drink-induced	1	0
drink-inspired	1	0
drink-maker	2	0
drink-making	1	0
drink-offering	1	0
drink-sounding	1	0
drinking-den	2	0
drinking-hole	1	0
drinking-place	2	0
drinking-songs	1	0
drinking-spree	1	0
drinking-vessel	2	0
drinks-lover	1	0
drinks-place	1	0
drip-fed	1	0
drive-by	3	0
drive-in	8	0
drive-thru	1	0
drone-flying	1	0
drone-type	1	0
drop-goals	1	0
drop-head	1	0
drop-in	2	0
drop-ins	1	0
drop-lets	0	7
drop-off	1	0
drop-out	7	21
drop-outs	3	3
drop-pin	0	3
dropping-off	2	0
drought-affected	1	0
drought-hit	1	0
drug-addled	4	0
drug-affected	1	0
drug-carriers	1	0
drug-containing	1	0
drug-dealer	6	0
drug-dealers	1	0
drug-dealing	1	0
drug-dropping	2	0
drug-filled	1	0
drug-free	24	0
drug-fuelled	5	0
drug-hunting	1	0
drug-impounding	1	0
drug-induced	3	0
drug-injected	2	0
drug-injecting	1	0
drug-inspired	2	0
drug-limited	1	0
drug-pushing	1	0
drug-runner	4	0
drug-smuggler	3	0
drug-smuggling	7	0
drug-store	0	5
drug-swallowing	1	0
drug-taker	8	0
drug-taking	26	0
drug-user	1	0
drug-users	2	0
drugged-up	2	0
drugs-tore	0	5
drunk-sounding	1	0
dry-cleaners	1	0
dry-den	0	11
dry-eyed	2	0
dry-heated	1	0
dry-roasted	1	0
drying-room	1	0
dua-ne	0	3
dual-carriageway	1	0
dual-fired	1	0
dual-purpose	3	0
dub-ai	0	49
dub-lin	0	113
dub-liner	0	14
dub-liners	0	10
dub-ois	0	2
duck-black	1	0
duck-eating	1	0
duck-filled	1	0
duck-pond	2	0
duck-walk	0	2
duck-weed	1	3
dud-ley	0	13
dug-out	4	14
dug-up	1	0
dull-brown	1	0
dull-coloured	5	0
dull-es	0	3
dull-looking	6	0
dull-sounding	3	0
dull-witted	14	0
dum-bing	0	3
dum-fries	0	4
dumb-ass	2	0
dumb-asses	1	0
dumb-bell	2	2
dumb-bells	1	0
dumb-cluck	1	0
dumb-head	0	2
dumb-show	1	1
dun-away	0	2
dun-can	0	16
dun-dee	0	78
dun-kirk	0	9
dun-mow	0	2
dun-net	0	2
dun-stable	0	5
dune-buggies	1	0
dune-din	0	2
dung-beetle	2	0
dung-filled	1	0
dung-fly	1	0
dunk-irk	0	9
duns-inane	0	2
duns-table	0	5
duo-fold	0	2
dust-bath	2	0
dust-cart	0	12
dust-resistant	1	0
dust-up	8	0
dust-ups	1	0
dustbin-scavenger	1	0
dutch-man	0	20
duty-bound	7	0
duty-free	17	0
dwelling-house	1	0
dwelling-place	4	0
dwelling-places	1	0
dye-producing	2	0
e-books	11	1
e-e	1	7
e-lation	1	26
e-mailed	2	4
e-mails	7	52
ea-ling	0	35
ea-ted	0	9
ea-tin	0	4
each-way	1	0
eager-est	0	2
eagle-eyed	3	0
ear-bashing	1	0
ear-bending	1	0
ear-bone	2	0
ear-hole	1	1
ear-lobe	1	2
ear-piece	1	1
ear-piercer	1	0
ear-piercing	7	0
ear-related	1	0
ear-shattering	1	0
ear-shot	0	24
ear-splitting	5	1
early-closing	2	0
early-morning	2	0
early-risers	1	0
earnest-sounding	1	0
earnings-related	1	0
ears-hot	0	24
earth-based	1	0
earth-breaking	1	0
earth-dweller	2	0
earth-filled	1	0
earth-hog	1	0
earth-mover	2	1
earth-moving	4	1
earth-saving	1	0
earth-shaking	1	1
earth-shattering	7	0
earth-swallowing	1	0
earthquake-damaged	1	0
eas-tender	0	24
eas-tenders	0	108
easily-annoyed	1	0
easily-led	2	0
easily-managed	1	0
easily-retained	1	0
east-bourne	0	21
east-end	3	0
east-facing	2	0
east-going	1	0
east-nor	1	0
east-west	6	0
east-wood	0	16
easy-going	30	5
easy-jet	0	8
easy-peasy	1	0
eat-in	2	4
eating-house	2	0
eating-place	11	0
eating-places	1	0
ebb-tide	2	0
ebo-la	0	5
eccentrically-constructed	1	0
echo-cerebral	1	0
echo-free	1	0
echo-location	1	0
echo-sounder	1	0
eco-activist	1	0
eco-city	1	0
eco-community	1	0
eco-development	1	0
eco-friendly	29	17
eco-furniture	1	0
eco-idealists	1	0
eco-model	1	0
eco-nut	1	0
eco-party	1	0
eco-politician	4	0
eco-politicians	1	0
eco-press	1	0
eco-safe	1	0
eco-satire	2	0
eco-squad	1	0
eco-store	1	0
eco-system	1	14
eco-tax	2	0
eco-taxes	1	0
eco-terrorism	1	0
eco-types	1	0
eco-unfriendly	1	0
eco-vandal	1	0
eco-warrior	2	2
eco-warriors	1	1
ecstasy-addicted	1	0
ecstasy-fuelled	2	0
ecstasy-gobbling	2	0
ecstasy-injecting	1	0
ecstasy-laced	1	0
ecstasy-swallowing	1	0
ecstasy-taking	2	0
eddy-stone	0	2
editor-elect	2	0
editor-ial	1	75
ee-yore	0	23
eel-catcher	1	0
eel-catchers	1	0
eel-like	1	0
ef-fin	0	7
eff-in	0	7
eff-off	5	0
effervescent-sounding	1	0
efficiency-maximising	1	0
egg-based	3	0
egg-beater	1	0
egg-filled	1	0
egg-flip	1	0
egg-head	1	76
egg-hearted	1	0
egg-layer	1	0
egg-layers	1	0
egg-laying	6	0
egg-plant	0	4
egg-plastered	1	0
egg-producer	4	0
egg-producers	1	0
egg-shaped	22	0
egg-tube	1	0
egg-whisk	1	0
egger-on	1	0
ego-less	1	0
ego-nursing	1	0
ego-trip	4	0
ego-tripping	1	0
eight-day	2	0
eight-foot	2	0
eight-footer	1	0
eight-hour	1	0
eight-legged	1	0
eight-line	2	0
eight-lined	1	0
eight-nil	1	0
eighty-eight	1	0
eighty-four	1	0
eighty-one	1	0
el-aine	0	12
el-be	0	4
el-en	0	2
el-gar	0	128
el-gin	0	14
el-la	0	13
el-land	0	3
el-lie	0	2
el-lis	0	7
el-lo	0	2
el-mo	0	2
el-oi	0	2
el-on	0	29
el-per	0	2
el-ton	0	53
el-vis	0	109
el-ysee	0	2
elbow-room	1	1
election-day	1	0
election-deniers	1	0
electric-als	0	2
electric-powered	1	0
electro-magnet	1	0
elephant-like	1	0
eleven-fifty	1	0
eleven-plus	1	0
eleventh-century	1	0
eleventh-hour	7	0
elf-like	2	0
elf-shot	1	0
elitist-leaning	1	0
ell-and	0	3
ell-en	0	20
ell-is	0	7
ell-like	1	0
elm-er	0	6
els-tree	0	3
elsin-ore	0	9
elt-ham	0	2
elt-on	0	53
em-ail	0	128
em-ailing	0	3
em-cee	1	10
em-ilia	0	5
em-in	0	14
em-mental	0	6
em-my	0	5
em-mys	0	3
em-up	3	0
emaciated-looking	1	0
embarrass-ment	1	191
embarrassed-looking	14	0
emir-ati	0	2
emmer-dale	0	5
emo-tional	1	275
emotionally-charged	1	0
empire-builder	2	0
empire-builders	1	0
empire-building	1	0
emptied-out	1	0
empty-bellied	1	0
empty-handed	3	0
empty-headed	20	0
empty-sounding	3	0
ems-worth	0	6
en-derby	0	2
en-enclosed	1	0
en-field	0	18
en-gels	0	9
en-gland	0	919
en-id	0	52
en-och	0	6
en-right	0	3
en-tendre	0	16
en-zo	0	2
enamel-work	0	4
end-date	1	0
end-er	0	20
end-ers	0	14
end-lessly	1	2630
end-on	2	0
end-piece	3	2
end-point	1	6
end-points	1	0
end-product	1	0
end-user	1	0
energetic-sounding	1	0
energy-advancing	1	0
energy-approved	1	0
energy-blocking	1	0
energy-charged	2	0
energy-consuming	1	0
energy-containing	1	0
energy-deficient	2	0
energy-dense	1	0
energy-drained	1	0
energy-eating	1	0
energy-efficiency	1	0
energy-efficient	1	0
energy-filled	12	0
energy-free	3	0
energy-fuelled	1	0
energy-giving	1	0
energy-guzzling	4	0
energy-lacking	1	0
energy-less	1	0
energy-packed	16	0
energy-packing	1	0
energy-producing	2	0
energy-releasing	1	0
energy-sapped	4	0
energy-saving	11	0
energy-starved	1	0
energy-storage	1	0
energy-wasting	1	0
engine-driver	4	0
enjoy-in	0	2
enthusiastic-ally	0	58
entry-level	2	0
environ-mentalism	0	3
environ-mentalist	0	64
environ-mentalists	0	28
environment-friendly	2	0
environment-related	1	0
environmental-ism	0	3
environmentally-friendly	2	0
environmentally-sound	2	0
epic-urus	0	2
epicure-an	0	17
epistle-writer	1	0
equal-op	1	0
equipment-carrying	1	0
er-dinger	0	2
er-ich	0	4
er-in	0	11
er-ling	0	2
er-nest	0	23
er-os	0	29
era-to	0	4
eraser-head	0	2
ere-whon	0	3
erect-us	0	2
erics-son	0	2
ern-ani	0	2
ern-est	0	23
ern-st	0	8
erne-st	0	23
ernes-to	0	2
errand-boy	5	0
errand-boys	1	0
error-free	2	0
error-prone	3	0
error-strewn	1	0
ers-kine	0	3
es-her	0	7
es-me	0	3
es-sen	0	10
es-sex	0	166
es-so	0	5
es-te	0	2
esc-her	0	2
escape-pod	1	0
ess-en	0	10
ess-ex	0	166
est-her	0	23
eth-an	0	3
eth-el	0	26
ethanol-producing	1	0
ether-net	0	2
euge-ne	0	10
euro-crisis	1	0
euro-currency	1	0
euro-economists	1	0
euro-finance	1	0
euro-junket	1	0
euro-libels	1	0
euro-pa	0	7
euro-partisan	1	0
euro-pean	0	6950
euro-peans	0	272
euro-politician	2	0
euro-sceptic	1	8
euro-scepticism	0	2
euro-sceptics	0	8
euro-star	1	18
euro-vision	0	34
euro-voter	1	0
euros-tar	0	18
ev-en	1	1378
eve-opener	1	0
eve-que	0	2
eve-rage	0	3
eve-rest	0	90
eve-sham	0	2
even-handed	11	0
even-shaven	1	0
even-tempered	10	0
evenly-cut	1	0
evenly-divided	1	0
evenly-matched	2	0
event-review	1	0
ever-age	0	3
ever-changing	11	0
ever-decreasing	1	0
ever-est	0	90
ever-evolving	1	0
ever-expanding	1	0
ever-fashionable	1	0
ever-recurrent	1	0
ever-rising	2	0
ever-so	1	0
ever-ton	0	65
ever-worsening	1	0
evert-on	0	65
every-man	0	355
eves-ham	0	2
evidence-based	1	0
evil-doer	5	17
evil-doers	2	0
evil-minded	1	0
evil-smelling	2	0
evil-sounding	2	0
evil-tempered	2	0
ew-an	0	3
ew-art	0	2
ew-ell	0	3
ex-actor	3	0
ex-allowance	1	0
ex-banker	1	0
ex-bearer	1	0
ex-believer	1	0
ex-blue	1	0
ex-bookie	1	0
ex-boozers	3	0
ex-boxer	3	0
ex-bride	1	0
ex-cabinet	2	0
ex-captain	1	0
ex-chairman	1	0
ex-champ	1	0
ex-chancellor	10	0
ex-circus	1	0
ex-cited	1	1445
ex-coalition	1	0
ex-colleague	1	0
ex-comic	1	0
ex-communist	1	0
ex-comrade	1	0
ex-con	10	0
ex-cons	1	0
ex-conservative	2	0
ex-convict	2	0
ex-copper	2	0
ex-county	1	0
ex-cricketer	3	0
ex-crossword	1	0
ex-dealer	2	0
ex-deputy	2	0
ex-drinkers	5	0
ex-driver	1	0
ex-editor	1	0
ex-football	2	0
ex-footballer	5	0
ex-foreign	4	0
ex-formula	2	0
ex-gardener	1	0
ex-gi	3	0
ex-gold	1	0
ex-graduate	1	0
ex-grass	1	0
ex-head	2	0
ex-home	1	0
ex-husband	7	0
ex-interviewer	1	0
ex-jailor	1	0
ex-judge	1	0
ex-king	1	0
ex-labour	13	0
ex-landlord	1	0
ex-leader	13	0
ex-leaders	1	0
ex-liberal	1	0
ex-manager	1	0
ex-marine	2	0
ex-minister	13	0
ex-model	2	0
ex-moll	1	0
ex-monarch	2	0
ex-monk	1	0
ex-moor	0	19
ex-mouth	0	2
ex-news	1	0
ex-offender	1	0
ex-offenders	1	0
ex-officer	1	0
ex-officers	1	0
ex-oilman	1	0
ex-palace	1	0
ex-partner	3	0
ex-party	3	0
ex-pat	3	19
ex-peddler	1	0
ex-peer	1	0
ex-player	1	0
ex-po	1	6
ex-poacher	1	0
ex-poet	1	0
ex-policeman	1	0
ex-political	4	0
ex-politician	1	0
ex-pop	1	0
ex-potteries	1	0
ex-premier	1	0
ex-president	102	0
ex-presidential	1	0
ex-presidents	1	0
ex-prime	6	0
ex-prince	1	0
ex-princess	1	0
ex-prisoner	1	0
ex-pro	1	0
ex-professor	1	0
ex-pupil	18	0
ex-pupils	2	0
ex-queen	1	0
ex-ref	1	0
ex-reform	1	0
ex-rock	1	0
ex-royal	3	0
ex-royalist	1	0
ex-runner	1	0
ex-running	1	0
ex-serviceman	7	0
ex-servicemen	1	0
ex-smoker	1	0
ex-soldier	4	0
ex-soldiers	2	0
ex-soviet	4	0
ex-spice	1	0
ex-sportsman	1	0
ex-star	1	0
ex-student	8	0
ex-students	5	0
ex-sun	1	0
ex-tabloid	1	0
ex-tennis	2	0
ex-top	1	0
ex-trump	1	0
ex-tutee	1	0
ex-un	1	0
ex-us	3	0
ex-veep	2	0
ex-vice	5	0
ex-wife	3	0
ex-winger	1	0
ex-world	2	0
ex-wrinkly	1	0
excuse-me	1	0
exhaust-emitting	1	0
exhil-aration	1	11
expense-claimers	1	0
expenses-claiming	1	0
expensive-sounding	9	0
expletive-laden	1	0
extra-cheap	2	0
extra-curricular	1	0
extra-hard	1	0
extra-large	15	0
extra-long	1	0
extra-loud	3	0
extra-marital	3	7
extra-mural	1	1
extra-ordinaire	0	5
extra-playful	1	0
extra-rich	1	0
extra-shy	1	0
extra-singular	1	0
extra-slim	1	0
extra-slippery	1	0
extra-terrestrial	12	30
extra-terrestrials	0	5
extra-tiny	1	0
eye-backed	1	0
eye-bashing	1	0
eye-care	1	0
eye-catching	15	2
eye-contact	1	0
eye-drops	1	0
eye-gate	1	0
eye-glass	2	5
eye-like	1	0
eye-opener	12	0
eye-opening	3	0
eye-piece	0	6
eye-related	6	0
eye-rhyme	1	0
eye-shade	1	5
eye-shadow	1	3
eye-shields	1	0
eye-test	1	0
eye-wash	0	4
eye-watering	4	0
eye-witness	0	4
fa-berg	0	5
fa-ex	0	2
fa-gin	0	15
fa-it	0	7
fa-nu	0	2
fa-rage	0	61
fa-rah	0	38
fa-roe	0	3
fa-roes	0	3
fa-slane	0	2
fa-tale	0	50
fa-tales	0	2
fa-ur	0	3
fa-ut	0	3
fa-ye	0	2
fab-er	0	2
fab-erg	0	5
fable-writer	1	0
fabric-covered	1	0
face-ache	1	0
face-book	0	27
face-card	1	0
face-cloth	1	8
face-covering	4	0
face-coverings	1	0
face-cream	1	0
face-lift	5	17
face-lifts	1	0
face-losing	1	0
face-off	6	0
face-plant	1	0
face-saver	2	0
face-saving	8	0
face-up	1	0
fact-based	1	0
fact-book	1	0
fact-checker	1	0
fact-feed	1	0
fact-filled	1	0
fact-finding	3	0
faction-ally	0	2
fade-in	1	0
fade-out	2	0
faded-looking	1	0
fae-roe	0	2
fag-end	2	0
fag-ends	2	0
fag-got	0	3
fag-in	0	15
fail-in	0	2
fail-safe	2	1
faint-heart	2	0
faint-hearted	16	0
faint-hearts	1	0
fair-dealing	1	0
fair-fax	0	2
fair-haired	2	0
fair-headed	2	0
fair-isle	1	0
fair-minded	5	0
fair-mindedness	1	0
fair-trade	2	0
fairly-priced	1	0
fairy-like	2	1
fairy-money	1	0
fairy-tale	19	25
fairy-tales	0	2
faith-based	1	0
fall-back	1	3
fall-guy	2	0
fall-out	5	7
faller-over	1	0
falling-off	1	0
falling-out	7	0
false-flag	1	0
familiar-sounding	1	0
family-friendly	3	0
family-made	1	0
family-rated	1	0
family-run	1	0
family-wise	1	0
fan-ny	0	50
fancily-dressed	1	0
fancy-dress	1	0
fancy-fancy	1	0
fancy-free	6	0
fantastic-sounding	1	0
far-age	0	61
far-ah	0	38
far-eastern	3	0
far-fetched	12	0
far-flown	1	0
far-flung	10	1
far-oe	0	3
far-oes	0	3
far-off	18	0
far-out	5	0
far-reaching	20	0
far-right	13	0
far-seeing	6	0
far-si	0	3
far-sighted	8	0
far-sightedness	2	0
fare-checker	1	0
fare-dodger	5	0
fare-dodgers	1	0
fare-paying	1	0
fare-reduction	1	0
farm-worker	5	11
farm-workers	1	5
faro-es	0	3
fart-seats	1	0
fas-lane	0	2
fashion-conscious	3	0
fashion-designers	1	0
fashion-eschewing	1	0
fashion-forward	1	0
fashion-leader	1	0
fashion-obsessed	1	0
fashionably-dressed	1	0
fashionist-as	0	6
fast-breeder	1	0
fast-breeding	1	0
fast-flowing	4	1
fast-food	10	0
fast-going	1	0
fast-growing	5	0
fast-moving	22	0
fast-paced	2	0
fast-rising	2	0
fast-running	2	0
fast-selling	1	0
fast-talking	3	0
fast-track	2	0
fast-tracking	1	0
faster-working	1	0
fastest-ever	1	0
fat-ale	0	50
fat-ales	0	2
fat-faced	1	0
fat-free	14	0
fat-head	0	11
fat-heads	1	0
fat-reduced	1	0
fat-soluble	2	0
fatal-es	0	2
fault-finder	12	0
fault-finders	1	0
fault-finding	10	0
fault-free	1	0
faux-archaic	1	0
faux-fur	1	0
fe-male	1	5648
fearful-looking	1	0
feast-day	1	0
feather-bedded	1	0
feather-brain	3	0
feather-headed	1	0
feather-light	1	0
feather-shedding	1	0
feather-weight	0	6
fed-up	2	0
fee-paying	1	0
feeble-minded	1	1
feeble-mindedness	2	0
feeble-sounding	8	0
feeding-bowl	1	0
feeding-place	1	0
feel-good	2	1
fell-racers	1	0
fell-runner	1	0
fell-walkers	1	0
fellow-broker	1	0
fellow-celt	1	0
fellow-citizens	1	0
fellow-compiling	1	0
fellow-countryman	1	0
fellow-craftsmen	1	0
fellow-criminal	1	0
fellow-drinker	1	0
fellow-feeling	3	0
fellow-fighter	1	0
fellow-lover	1	0
fellow-man	1	0
fellow-player	1	0
fellow-resident	1	0
fellow-soldier	1	0
fellow-surgeon	1	0
fellow-traveller	1	0
fellow-travellers	1	0
fellow-worker	1	0
felt-like	1	0
felt-tip	9	0
female-chasers	1	0
female-only	2	0
fence-sitting	1	0
fenced-in	1	0
fenced-off	1	0
ferm-at	0	7
ferry-boats	1	0
ferry-port	1	0
festival-goer	1	0
feta-rice	1	0
fever-reducing	1	0
fi-anna	0	3
fi-del	0	9
fi-do	0	19
fi-fa	0	14
fi-ji	0	10
fi-rearm	0	78
fi-rearms	0	24
fi-restarter	0	7
fi-rewater	0	4
fibre-optic	2	0
fibre-producing	2	0
fibre-rich	1	0
fid-el	0	9
fid-es	0	2
fidd-ler	1	70
field-guide	1	0
field-gun	1	0
field-leading	1	0
field-marshal	1	0
fierce-looking	2	0
fierce-tempered	1	0
fifteenth-century	1	0
fifth-rankers	1	0
fifth-rate	11	0
fifties-style	4	0
fifties-type	1	0
fifty-cent	1	0
fifty-fifty	24	0
fifty-five	5	0
fifty-four	2	0
fifty-litre	1	0
fifty-mile	1	0
fifty-nine	6	0
fifty-odd	2	0
fifty-one	46	0
fifty-peseta	1	0
fifty-plus	1	0
fifty-pound	1	0
fifty-second	1	0
fifty-six	1	0
fifty-something	1	0
fifty-three	1	0
fifty-two	1	0
fight-back	1	6
fighting-axe	1	0
figure-flattering	1	0
figure-hugging	11	0
figure-skating	1	0
fill-in	3	0
film-maker	82	24
film-makers	3	1
film-making	8	2
film-projection	1	0
film-related	2	0
film-show	1	0
film-star	3	0
film-worker	1	0
fin-land	0	29
fin-lay	0	3
fin-ney	0	2
finance-led	1	0
finch-ley	0	3
find-us	0	2
fine-grained	2	0
fine-ground	1	0
fine-looking	4	0
fine-sounding	2	0
fine-tooth	1	0
fine-toothed	2	0
fine-tune	8	0
fine-tuned	3	0
fine-tuner	1	0
fine-tuning	1	0
finely-crafted	1	0
finely-graded	1	0
finger-licking	1	0
finger-mark	1	1
finger-tips	1	9
finger-top	1	0
finishing-line	2	0
finishing-school	1	0
fir-ma	0	5
fire-arm	1	78
fire-arms	0	24
fire-ball	0	10
fire-bird	0	3
fire-breather	3	0
fire-breathing	3	0
fire-damaged	1	0
fire-escape	1	0
fire-fighter	0	10
fire-fighters	0	4
fire-fighting	2	3
fire-holder	1	0
fire-power	2	11
fire-raiser	12	0
fire-raisers	1	0
fire-raising	9	0
fire-starter	3	7
fire-watcher	1	0
fire-water	0	4
fire-worshipper	1	0
fired-up	5	0
firefight-er	0	10
firefight-ers	0	4
fires-tarter	0	7
firing-line	1	0
firing-range	1	0
firm-faced	2	0
firmly-established	1	0
first-aid	4	0
first-aider	1	0
first-aiders	1	0
first-born	24	2
first-century	1	0
first-choice	2	0
first-class	398	0
first-day	5	0
first-floor	1	0
first-former	2	0
first-grade	1	0
first-half	5	0
first-hand	7	0
first-magnitude	1	0
first-named	1	0
first-person	2	0
first-places	1	0
first-rate	133	0
first-string	1	0
first-time	5	0
first-timer	3	0
first-year	11	0
first-years	1	0
fisc-her	0	4
fish-and	1	0
fish-catching	2	0
fish-eater	9	0
fish-eaters	4	0
fish-eating	11	0
fish-frying	1	0
fish-guard	0	2
fish-hawk	1	0
fish-heads	1	0
fish-hunter	1	0
fish-like	5	0
fish-monger	1	18
fish-net	1	1
fish-processing	1	0
fish-wife	1	8
fishing-boat	5	0
fishing-line	1	0
fishing-net	1	0
fishing-tackle	1	0
fishy-looking	1	0
fishy-sounding	1	0
fist-fight	1	1
fit-looking	2	0
fit-up	1	0
fitting-room	2	0
five-day	1	0
five-eighths	1	0
five-hundred	4	0
five-litre	1	0
five-nil	8	0
five-one	2	0
five-part	1	0
five-sevenths	1	0
five-sided	1	0
five-star	3	0
five-stone	1	0
five-year	4	0
fix-it	0	4
fix-up	1	0
fixed-rate	1	0
fixer-up	1	0
flab-tightening	1	0
flag-bearer	4	0
flag-carrying	1	0
flag-waver	4	0
flag-waving	10	0
flag-wearing	1	0
flam-borough	0	3
flamboyantly-dressed	1	0
flame-haired	2	0
flame-thrower	3	1
flare-up	12	0
flash-back	0	7
flash-man	0	2
flash-mob	1	0
flat-bladed	1	0
flat-bodied	2	0
flat-bottomed	19	0
flat-bread	0	19
flat-chested	2	0
flat-dweller	1	0
flat-finding	2	0
flat-hunter	1	0
flat-land	0	2
flat-nosed	1	0
flat-out	1	0
flat-pack	3	2
flat-sitter	1	0
flat-tailed	1	0
flat-topped	2	0
flat-warming	1	0
flavour-enhancer	1	0
flea-bites	1	0
flea-bitten	1	0
flea-pit	0	2
flea-ridden	1	0
fleece-wearing	1	0
fleet-footed	2	0
fleet-wood	0	8
flesh-eater	2	0
flesh-eating	8	0
flesh-pot	0	2
flesh-wounded	1	0
flexible-sounding	1	0
flick-knife	1	0
flight-component	1	0
flight-makers	1	0
flight-path	1	0
flint-off	0	7
flint-shire	0	2
flints-hire	0	2
flip-flop	6	0
flip-flopping	5	0
flip-flops	9	0
flip-pin	0	3
flip-side	2	3
flips-ide	0	3
floor-covering	8	0
floor-mat	1	0
flow-interrupter	1	0
flower-bed	1	4
flower-beds	1	0
flower-cluster	1	0
flower-girl	13	0
flower-like	1	0
flower-patterned	1	0
flower-pot	1	1
flower-seller	2	0
flowery-talking	1	0
fluid-filled	1	0
fluster-free	1	0
fly-fish	1	0
fly-fisher	2	0
fly-fisherman	1	0
fly-fishing	1	0
fly-half	5	0
fly-in	1	0
fly-killer	2	0
fly-speck	1	0
fly-tippers	1	0
fly-trap	1	5
fo-otball	1	1052
foam-smothered	1	0
fog-horn	1	2
foil-wrapped	1	0
folk-jazz	1	0
folk-rock	1	0
folk-singing	2	0
folk-tale	3	1
folk-tales	1	0
follow-ing	1	5257
follow-on	3	0
follow-up	17	0
follow-ups	1	0
fondly-remembered	1	0
font-aine	0	2
food-fish	1	1
food-oriented	1	0
food-packing	1	0
food-processing	1	0
food-processor	1	0
food-related	1	0
food-store	3	4
food-value	2	0
foods-tore	0	4
fool-rest	1	0
foolish-looking	1	0
foolish-sounding	1	0
foot-dragging	1	0
foot-lever	1	0
foot-loose	0	11
foot-operated	2	0
foot-powered	1	0
foot-protectors	1	0
foot-related	1	0
foot-shaped	1	0
foot-soldier	1	0
foot-soldiers	2	0
foot-tapping	1	0
foot-traveller	1	0
foot-warmer	1	0
foot-washing	1	0
for-a	1	2
for-all	1	0
for-far	0	5
for-life	1	0
for-mica	0	2
for-rest	0	3
for-show	1	0
for-syte	0	6
force-fed	4	0
force-feeding	1	0
ford-model	1	0
fore-play	1	5
foreign-based	1	0
foreign-language	1	0
foreign-sounding	1	0
foreigner-friendly	1	0
forelock-tugging	1	0
foreskin-ring	1	0
forest-dweller	7	0
forest-dwellers	1	0
forest-ranger	1	0
fork-lift	1	1
fork-lifts	1	0
fork-like	1	0
fork-tailed	1	0
form-by	0	3
form-filler	1	0
form-filling	2	0
fort-nite	0	3
fortune-hunter	2	0
fortune-teller	42	0
fortune-tellers	4	0
fortune-telling	11	0
forty-day	1	0
forty-eight	2	0
forty-five	7	0
forty-nine	7	0
forty-ninth	1	0
forty-odd	1	0
forty-one	9	0
forty-seven	3	0
forward-looking	8	0
forward-thinking	1	0
fossil-fuel	3	0
foster-child	1	0
foster-father	2	0
foster-kids	1	0
foster-sister	1	0
foul-minded	1	0
foul-mouthed	14	0
foul-smelling	16	0
foul-sounding	2	0
foul-tasting	2	0
foul-up	2	0
four-ball	1	0
four-bar	1	0
four-cornered	1	0
four-day	1	0
four-dimensional	2	0
four-eyed	2	0
four-eyes	1	0
four-fifths	4	0
four-figure	1	0
four-foot	2	0
four-footed	2	0
four-footer	1	0
four-handed	1	0
four-horse	1	0
four-inch	1	0
four-legged	3	0
four-letter	32	0
four-line	1	0
four-page	1	0
four-person	1	0
four-poster	3	0
four-seater	1	0
four-sided	4	0
four-speed	1	0
four-star	2	0
four-syllable	1	0
four-time	2	0
four-wheel	2	0
four-wheeled	6	0
four-wheeler	2	0
four-year	1	0
fourteenth-century	1	0
fourth-best	1	0
fourth-rate	11	0
fourth-year	1	0
fox-hunt	0	2
fox-hunters	1	1
fox-hunting	3	3
frag-ranced	0	2
fragrance-scented	1	0
frame-less	0	4
frame-up	4	0
franc-es	0	6
franc-is	0	45
franc-ois	0	3
frank-ish	0	2
free-faller	1	0
free-flowing	4	0
free-form	5	1
free-hand	0	4
free-lance	0	16
free-living	1	0
free-range	9	0
free-reed	1	0
free-spirited	1	0
free-standing	1	0
free-thinker	4	1
free-thinking	2	2
free-town	0	5
free-trade	1	0
freebie-seekers	1	0
freedom-fighter	1	0
freet-own	0	5
freeze-up	1	0
freight-wagon	1	0
french-born	2	0
french-german	1	0
french-man	0	613
french-men	0	37
french-polish	1	0
french-polisher	1	0
french-style	10	0
french-woman	0	47
fresh-cut	1	0
fresh-faced	1	0
fresh-looking	1	0
fresh-water	1	44
fresher-smelling	1	0
freshly-arranged	1	0
freshly-baked	1	0
freshly-brewed	1	0
freshly-cast	1	0
freshly-composed	1	0
freshly-cultivated	1	0
freshly-done	1	0
freshly-made	3	0
freshly-minted	1	0
freshly-shot	1	0
fried-man	0	5
fried-rich	0	2
frightful-looking	1	0
fro-do	0	7
fro-mage	0	2
fro-me	0	3
frog-hopper	1	0
frog-like	1	0
from-age	0	2
front-bencher	3	1
front-line	3	1
front-man	1	9
front-page	6	0
front-row	2	0
front-runner	8	8
front-runners	0	4
front-seat	1	0
frost-affected	1	0
frost-free	1	0
frosty-sounding	1	0
fruit-based	1	0
fruit-bearer	2	0
fruit-bearing	2	0
fruit-cake	0	69
fruit-cakes	0	5
fruit-eater	1	0
fruit-eaters	1	0
fruit-eating	2	0
fruit-filled	1	0
fruit-flavoured	1	0
fruit-growing	2	0
fruit-laden	1	0
fruit-picker	2	0
fruit-tree	8	0
fruit-trees	1	0
fruit-worker	1	0
fruity-sounding	1	0
fry-up	10	0
fry-ups	1	0
frying-pan	3	0
fudge-coated	1	0
fuel-driven	1	0
fuel-efficiently	1	0
fuel-feeder	1	0
fuel-guzzler	1	0
fuel-guzzling	1	0
fuel-savers	2	0
fuel-saving	2	0
fug-it	0	2
full-back	2	2
full-blooded	2	0
full-blown	2	0
full-bodied	8	0
full-body	5	0
full-face	1	0
full-figured	2	0
full-flavoured	11	0
full-frontal	3	0
full-length	10	0
full-moon	1	0
full-on	3	0
full-page	2	0
full-scale	3	0
full-size	1	0
full-sized	1	0
full-throated	1	0
full-time	11	0
full-toned	2	0
full-up	1	0
fuller-flavoured	1	0
fullest-flavoured	1	0
fully-automated	1	0
fully-developed	2	0
fully-fledged	4	0
fully-grown	2	0
fully-honest	1	0
fun-clothes	1	0
fun-filled	1	0
fun-loving	1	0
fun-run	1	0
fun-seeker	1	0
fun-seekers	1	0
fun-size	3	0
fund-raiser	20	25
fund-raisers	2	0
fund-raising	18	15
fundamentalist-fashion	1	0
fungal-like	1	0
fungus-grower	1	0
fungus-scavenger	1	0
funnel-shaped	1	0
funny-looking	4	0
funny-sounding	2	0
fur-clad	4	0
fur-coated	3	0
fur-lined	1	0
fur-ness	0	2
fur-supplier	1	0
fur-trimmed	3	0
furious-looking	1	0
furniture-maker	2	0
fuss-pot	0	13
gab-on	0	30
gab-riel	0	21
gabba-na	0	4
gad-about	1	11
gaga-rin	0	3
gains-borough	0	2
gains-bourg	0	4
gal-en	0	4
gal-way	0	8
gala-had	0	4
gala-shiels	0	2
galah-ad	0	4
gall-bladder	1	0
gall-stone	0	2
gall-up	0	3
galley-vessels	1	0
gallow-ay	0	13
galls-tone	0	2
gals-worthy	0	3
game-bird	2	4
game-changing	1	0
game-keeper	1	14
game-killer	1	0
game-maker	1	0
game-show	1	2
games-how	0	2
gane-sh	0	3
gang-es	0	10
gang-nam	0	2
gangster-style	1	0
gannet-like	1	0
gaol-break	1	2
gar-and	0	2
gar-eth	0	13
gar-field	0	2
garden-centre	1	0
garden-dweller	1	0
garden-flower	1	0
garlic-like	1	0
garment-bearer	1	0
garment-maker	1	0
garter-snake	1	0
gas-bag	0	9
gas-bags	0	2
gas-charger	1	0
gas-coigne	0	2
gas-emitting	1	0
gas-filled	2	0
gas-fired	1	0
gas-friendly	1	0
gas-generated	1	0
gas-lamp	1	0
gas-oil	1	0
gas-permeable	1	0
gas-pipe	2	0
gas-ton	0	2
gast-on	0	2
gat-lin	0	2
gat-ling	0	2
gat-wick	0	12
gate-crash	3	22
gate-crashed	1	17
gate-crasher	6	18
gate-crashers	1	7
gate-crashes	2	12
gate-crashing	10	50
gate-keeper	1	11
gate-leg	1	2
gate-like	1	0
gatekeep-er	0	11
gates-head	0	32
gathering-one	1	0
gathering-place	1	0
gats-by	0	5
gaunt-looking	1	0
gay-nor	0	4
gazel-la	0	2
gear-case	1	0
gear-change	1	0
gear-changing	1	0
gear-wheel	0	4
geared-up	1	0
gee-gee	18	0
gel-dof	0	5
geld-of	0	5
gen-ghis	0	3
gen-ova	0	2
gender-balanced	1	0
gender-bending	5	0
gender-fluid	9	1
gender-inappropriately	1	0
gender-neutral	5	0
gender-specific	2	0
gender-variant	1	0
gene-van	0	4
gene-vans	0	2
genetically-modified	1	0
genial-sounding	1	0
gentleman-like	1	0
genuine-sounding	9	0
geordie-land	0	10
geranium-like	1	0
gerbil-eating	1	0
germ-any	0	1019
germ-free	11	0
german-born	1	0
german-speaking	1	0
get-away	1	36
get-go	4	0
get-out	8	0
get-rich	1	0
get-tin	0	6
get-ting	1	12735
get-together	53	0
get-up	12	0
get-well	1	0
geta-fix	0	3
getting-up	1	0
ghetto-blaster	1	0
ghostly-sounding	1	0
gi-gi	0	6
gi-me	0	2
gi-mes	0	3
gi-na	0	4
gi-on	0	3
gi-otto	0	4
gi-ronde	0	3
gi-selle	0	4
gi-style	1	0
gi-vin	0	3
giant-killer	6	0
giant-killing	2	0
gib-son	0	17
gibs-on	0	17
gid-eon	0	2
giddy-up	1	0
gift-bearer	1	0
gift-carriers	1	0
gift-givers	1	0
gift-giving	2	0
gift-wrap	1	0
gift-wrapped	5	0
gig-goers	1	0
gilt-edged	5	0
gin-addled	1	0
gin-crazed	1	0
gin-drinking	1	0
gin-infused	1	0
gin-opening	1	0
gin-slinging	1	0
gin-soaked	2	0
gin-sodden	1	0
gin-sozzled	3	0
gin-swilling	3	0
ging-rich	0	2
ginger-beer	1	0
ginger-hued	1	0
gins-berg	0	6
gipsy-styled	1	0
giraffe-like	2	0
girl-child	1	0
girl-friend	2	225
girl-friends	1	13
girt-on	0	4
giver-ny	0	2
glad-stone	0	16
glads-tone	0	16
glam-organ	0	9
glam-rock	1	1
glamor-gan	0	9
glass-bottomed	2	0
glass-cutter	1	0
glass-maker	1	2
glass-making	1	0
glass-paper	1	0
glassy-eyed	1	0
glebe-house	2	0
glen-da	0	5
glen-eagles	0	8
glitter-like	1	0
globally-recognised	1	0
globe-trotter	1	5
globe-trotters	1	3
globe-trotting	3	1
gloomy-looking	1	0
gloria-na	0	5
gloss-op	0	2
glow-worm	4	0
glow-worms	1	0
glue-on	1	0
glue-sniffer	1	0
glue-stiffened	1	0
gluten-free	1	0
go-ahead	43	0
go-an	0	2
go-between	50	0
go-betweens	1	0
go-bi	0	7
go-cart	7	0
go-carts	1	0
go-diva	0	10
go-dot	0	4
go-ethe	0	34
go-getter	12	0
go-getters	1	0
go-getting	1	0
go-go	10	4
go-in	0	18
go-ish	1	0
go-kart	3	0
go-karts	1	0
go-ole	0	4
go-oner	0	3
go-ran	0	3
go-slow	9	0
go-van	0	5
go-zo	0	7
goal-directed	1	0
goal-fest	1	0
goal-keeper	0	46
goal-scorer	2	4
goal-scoring	1	1
goat-herd	1	10
goat-legged	1	0
goat-like	2	1
god-awful	9	0
god-backed	1	0
god-fearing	4	1
god-forsaken	2	1
god-given	1	0
god-king	1	0
god-talk	1	0
goddess-like	1	0
goe-ring	0	6
goe-the	0	34
goggle-box	0	5
goggle-eyed	1	0
goggle-wearer	1	0
going-away	1	0
going-home	1	0
going-over	6	0
goings-on	20	0
gold-backed	2	0
gold-bearing	1	0
gold-berg	0	2
gold-coated	2	0
gold-coloured	4	0
gold-digger	14	0
gold-diggers	2	0
gold-digging	2	0
gold-edged	1	0
gold-embellished	1	0
gold-encrusted	1	0
gold-finger	0	11
gold-lined	3	0
gold-medallist	1	0
gold-mining	1	0
gold-plated	29	0
gold-rimmed	1	0
gold-rush	1	0
gold-topped	1	0
gold-tops	1	0
gold-wood	0	2
gold-wyn	0	3
golden-brown	2	0
golden-eye	0	3
golden-hearted	1	0
golf-ball	2	2
golf-club	3	0
golf-course	4	0
golf-shot	1	0
golf-wise	1	0
gonad-busting	1	0
good-bye	2	127
good-byes	0	11
good-fellow	0	5
good-hearted	5	0
good-humoured	15	0
good-looker	19	0
good-looking	77	0
good-luck	1	0
good-natured	32	0
good-night	1	0
good-oh	1	0
good-quality	1	0
good-speed	1	0
good-time	9	0
good-wood	0	10
goody-goody	29	0
gooley-crushing	1	0
goon-er	0	3
goose-step	1	0
gore-bush	1	0
gorgeously-coloured	1	0
gospel-inspired	1	0
gossip-monger	1	1
gossiped-about	1	0
got-ham	0	11
got-hic	0	49
gov-an	0	5
government-administered	1	0
government-appointed	3	0
government-awarded	1	0
government-free	1	0
government-funded	1	0
government-speak	1	0
government-sponsored	1	0
government-style	1	0
governor-general	2	0
gra-eme	0	5
gra-ham	0	26
gra-hame	0	7
gra-nada	0	13
gra-ta	0	5
grab-bag	1	0
grace-land	0	4
grad-grind	0	3
grad-ually	1	261
grade-eight	1	0
graffiti-covered	1	0
grail-seeker	1	0
grail-style	1	0
grain-based	1	0
grain-carrier	1	0
grain-store	1	0
grammy-nominated	1	0
grand-looking	1	0
grand-niece	1	0
grand-scale	1	0
grange-mouth	0	2
granite-like	1	0
grant-ham	0	2
grant-holder	1	0
grant-holding	1	0
grant-maintained	1	0
grape-plant	1	0
grape-treaders	1	0
grappling-iron	1	0
grass-coated	1	0
grass-covered	5	0
grass-cutter	1	0
grass-eating	1	0
grass-like	3	3
grass-raised	1	0
grass-roots	2	1
grass-skirted	1	0
grass-stained	1	0
grave-digger	2	4
grave-send	0	3
grave-sounding	1	0
graves-end	0	3
gravitation-shedding	1	0
gravity-force	1	0
gray-son	0	2
grays-on	0	2
graze-able	0	2
grease-covered	1	0
grease-monkeys	1	0
great-aunt	4	0
great-aunts	1	0
great-grandma	1	0
great-grandmother	2	0
great-granny	2	0
great-niece	3	0
great-uncles	1	0
great-white	1	0
gree-ne	0	32
greedy-guts	3	2
green-blue	1	0
green-coloured	1	0
green-dale	0	2
green-embracing	1	0
green-eyed	5	0
green-fingered	2	0
green-keeper	1	3
green-land	0	34
green-lander	0	3
green-landers	0	2
green-leafed	1	0
green-light	1	2
green-looking	1	0
green-peace	0	2
green-wich	0	22
greenish-blue	15	0
greenish-brown	1	0
greenish-yellow	1	0
greeny-yellow	1	0
grenade-launcher	1	0
grey-brown	2	0
grey-coloured	1	0
grey-friars	0	6
grey-green	2	0
grey-haired	7	0
grey-stoke	0	4
grey-wether	1	0
greyish-beige	1	0
greyish-blue	1	0
greyish-brown	11	0
greyish-pink	1	0
greyish-white	5	0
greyish-yellow	4	0
greys-toke	0	4
grid-filling	1	0
grid-like	1	0
griddle-cake	1	0
grief-stricken	3	0
grim-faced	2	0
grim-sounding	4	0
grime-removing	1	0
grime-thorpe	0	3
grin-stead	0	2
grins-tead	0	2
grip-rod	1	0
groan-up	1	0
grom-it	0	5
gross-out	1	0
ground-based	1	0
ground-breaking	39	17
ground-floor	1	0
ground-hog	0	6
ground-level	1	0
ground-nesting	1	0
ground-rent	2	0
ground-up	1	0
group-solve	1	0
grouse-shooters	1	0
grow-bag	1	0
grow-in	0	3
growl-era	1	0
grown-up	89	0
grown-ups	14	0
growth-regulating	1	0
growth-restricted	2	0
grudge-bearing	1	0
gruff-sounding	1	0
gu-am	0	8
gu-stave	0	3
gu-thrum	0	2
guard-dog	2	0
gue-vara	0	22
guerilla-infested	1	0
guest-house	7	18
guest-nights	1	0
guid-ebooks	0	2
guide-book	0	10
guide-books	0	2
guild-ford	0	4
guilt-free	2	0
guilt-ridden	1	0
guilty-looking	1	0
guilty-seeming	1	0
guinea-pig	2	0
guitar-playing	1	0
gull-like	2	0
gum-chewer	1	0
gum-chewing	1	0
gum-midge	0	2
gum-tree	0	3
gun-belt	1	0
gun-catch	1	0
gun-crazy	1	0
gun-dog	1	12
gun-fest	1	0
gun-runner	1	2
gun-runners	2	1
gun-sight	1	1
gun-toting	5	0
gunpowder-based	1	0
gust-ave	0	3
gut-busting	1	0
gut-chucking	1	0
gut-churning	1	0
gut-related	1	0
gut-rot	3	2
gut-wrenching	6	0
guv-nor	0	2
guy-ana	0	10
gym-culture	1	0
gym-goer	1	0
gym-slip	0	2
gym-user	1	0
gyms-lip	0	2
ha-aland	0	5
ha-did	0	2
ha-gar	0	2
ha-gue	0	28
ha-ha	16	0
ha-ley	0	7
ha-mas	0	2
ha-rare	0	8
ha-vel	0	2
ha-vin	0	4
ha-wick	0	2
ha-yes	0	8
habit-clad	1	0
habit-former	1	0
habit-forming	14	0
habit-free	1	0
hack-man	0	5
had-id	0	2
hag-ar	0	2
hag-ridden	4	1
hai-fa	0	8
hai-ti	0	45
hail-storm	0	15
hair-balls	1	0
hair-brained	1	0
hair-covered	1	0
hair-cut	1	69
hair-do	2	86
hair-dresser	1	89
hair-dryer	0	2
hair-dye	1	0
hair-like	2	1
hair-loss	1	0
hair-piece	0	47
hair-pieces	0	4
hair-raiser	1	0
hair-raising	18	0
hair-remover	2	0
hair-rising	1	0
hair-splitting	2	1
hair-spray	0	4
hair-style	4	286
hair-styling	1	2
hair-stylist	1	3
hairs-pray	0	4
hairy-footed	1	0
half-abandoned	3	0
half-affected	1	0
half-animal	1	0
half-appearing	1	0
half-arrogant	1	0
half-arse	1	0
half-asleep	4	1
half-back	5	6
half-backing	1	0
half-baked	19	0
half-bare	1	0
half-basque	1	0
half-biased	1	0
half-blind	2	0
half-bloods	1	0
half-blown	1	0
half-bookish	1	0
half-bottle	1	0
half-brewed	1	0
half-bricks	2	0
half-broken	2	0
half-brother	4	0
half-built	2	0
half-buried	2	0
half-cancelled	1	0
half-capsized	1	0
half-caught	1	0
half-censored	3	0
half-centred	1	0
half-century	23	0
half-chance	2	0
half-clad	2	0
half-cleared	1	0
half-clipped	1	0
half-closed	2	0
half-cock	1	0
half-cocked	1	0
half-complete	3	0
half-completed	8	0
half-concealed	3	0
half-confused	1	0
half-conscious	1	0
half-converted	1	0
half-cooked	6	0
half-cousin	4	0
half-covered	2	0
half-crazy	3	0
half-cropped	2	0
half-crown	2	0
half-crowns	1	0
half-cut	327	1
half-cuts	1	0
half-dark	5	0
half-day	16	0
half-dead	8	0
half-deaf	2	0
half-decent	9	0
half-demolished	3	0
half-destroyed	5	0
half-digested	2	0
half-disguised	1	0
half-docked	1	0
half-dollar	1	0
half-done	4	0
half-doubtful	1	0
half-dozen	10	0
half-drained	1	0
half-dreary	1	0
half-dressed	1	0
half-dropping	1	0
half-drunk	8	0
half-dry	1	0
half-eaten	8	0
half-educated	1	0
half-embarrassed	1	0
half-emptied	1	0
half-empty	4	0
half-erased	1	0
half-exposed	9	0
half-expressed	1	0
half-fall	1	0
half-fat	1	0
half-feminine	1	0
half-finished	18	0
half-fish	1	0
half-float	1	0
half-followed	1	0
half-forgotten	22	0
half-formed	7	0
half-frame	1	0
half-french	2	0
half-frozen	1	0
half-full	3	0
half-game	1	0
half-german	2	0
half-glasses	1	0
half-goat	1	0
half-gone	3	0
half-good	1	0
half-groats	1	0
half-grotty	1	0
half-hearted	277	4
half-hidden	16	0
half-hoping	1	0
half-hour	10	0
half-hourly	2	0
half-humped	1	0
half-idle	1	0
half-ignored	8	0
half-impeded	1	0
half-improved	1	0
half-inch	6	0
half-inches	1	0
half-inclined	1	0
half-intoxicated	1	0
half-kilo	2	0
half-lanced	1	0
half-laugh	1	0
half-laughing	1	0
half-legless	1	0
half-length	5	0
half-lies	1	0
half-life	2	0
half-lifted	1	0
half-light	3	0
half-locked	1	0
half-lost	4	0
half-mad	1	0
half-made	1	0
half-man	1	0
half-marathon	1	0
half-mast	1	0
half-mature	1	0
half-measure	2	0
half-melted	1	0
half-mile	2	0
half-minute	2	0
half-missing	2	0
half-moon	5	0
half-murdered	1	0
half-naked	14	0
half-neglected	1	0
half-nelson	3	0
half-nephew	1	0
half-nine	3	0
half-nude	2	0
half-obliterated	1	0
half-obscured	2	0
half-observed	1	0
half-open	5	0
half-opened	1	0
half-orphaned	1	0
half-packed	1	0
half-paid	1	0
half-past	1	0
half-pay	1	0
half-peeping	1	0
half-pint	6	0
half-portion	1	0
half-portions	1	0
half-price	2	0
half-quince	1	0
half-raw	1	0
half-read	4	0
half-rebuilt	1	0
half-redacted	1	0
half-reduced	1	0
half-rejected	1	0
half-removed	3	0
half-repulsed	1	0
half-resigned	1	0
half-responds	1	0
half-retained	1	0
half-revealed	1	0
half-reverses	1	0
half-rewritten	1	0
half-ripe	1	0
half-ripped	1	0
half-rotated	1	0
half-roused	1	0
half-rude	1	0
half-ruined	2	0
half-sandal	1	0
half-scrubbed	2	0
half-second	1	0
half-seen	7	0
half-seriously	1	0
half-shattered	1	0
half-sibling	2	0
half-siblings	1	0
half-sick	1	0
half-sighted	1	0
half-silk	1	0
half-sister	17	0
half-sized	2	0
half-skimpy	1	0
half-smashed	1	0
half-smiles	1	0
half-soaked	4	0
half-sober	1	0
half-sovereign	1	0
half-speed	1	0
half-spent	1	0
half-spilled	1	0
half-spilt	1	0
half-spot	1	0
half-spun	1	0
half-square	2	0
half-squeezed	1	0
half-standard	1	0
half-startled	1	0
half-starved	3	0
half-stopping	1	0
half-straight	1	0
half-strength	1	0
half-stripped	2	0
half-successful	2	0
half-suppressed	1	0
half-sure	1	0
half-swallowed	1	0
half-swearing	1	0
half-taught	1	0
half-term	32	0
half-throttled	1	0
half-time	37	0
half-tone	1	0
half-torn	2	0
half-train	2	0
half-trashing	1	0
half-trembled	1	0
half-trembles	2	0
half-truth	1	0
half-truths	1	0
half-turn	2	0
half-twisted	1	0
half-ugly	2	0
half-upset	2	0
half-used	1	0
half-visible	7	0
half-volley	1	0
half-vulcan	1	0
half-warmed	2	0
half-wasted	2	0
half-way	13	113
half-welsh	1	0
half-whimsical	1	0
half-wild	1	0
half-wit	2	36
half-wits	1	6
half-witted	4	0
half-worn	1	0
half-wrecked	1	0
half-written	3	0
half-year	4	0
hall-owe	0	5
hallo-we	0	5
hallo-ween	0	13
hallow-een	0	13
hallucinogen-yielding	1	0
ham-as	0	2
ham-burg	0	24
ham-fisted	2	0
ham-ish	0	9
ham-leys	0	3
hame-lin	0	6
hamlet-like	1	0
hammer-smith	0	6
hammer-stein	0	14
hammer-thrower	5	0
hammer-wielder	5	0
hammer-wielding	1	0
hamster-like	1	0
han-cock	0	21
han-din	0	3
han-nah	0	15
han-oi	0	18
han-over	0	12
han-sard	0	3
hand-drawn	1	0
hand-gun	0	4
hand-held	9	5
hand-holding	1	0
hand-in	0	3
hand-job	0	3
hand-made	5	9
hand-me	1	0
hand-measuring	1	0
hand-operated	1	0
hand-out	13	42
hand-outs	3	27
hand-picked	6	1
hand-press	1	0
hand-reared	1	0
hand-rolled	3	0
hand-shaking	1	0
hand-to	1	0
hand-walking	1	0
hand-warmer	5	0
hand-washer	4	0
hand-waving	1	0
hand-written	1	9
handed-down	1	0
handed-out	1	0
hands-free	5	0
hands-on	12	0
hang-glider	2	0
hang-gliders	2	0
hang-gliding	1	0
hang-out	2	10
hang-outs	1	2
hang-up	9	0
hang-ups	2	0
hanger-on	86	0
hangers-on	21	0
hanky-less	1	0
haps-burg	0	2
harbour-side	0	2
harbours-ide	0	2
hard-bitten	2	1
hard-boiled	8	0
hard-castle	0	3
hard-core	7	4
hard-drinking	1	0
hard-earned	1	0
hard-fought	1	0
hard-headed	10	0
hard-hearted	20	3
hard-hitter	1	0
hard-hitting	7	0
hard-left	1	0
hard-line	4	21
hard-liner	3	17
hard-liners	1	4
hard-living	1	0
hard-nosed	6	1
hard-on	13	0
hard-pressed	1	0
hard-pushed	1	0
hard-skinned	2	0
hard-top	1	7
hard-up	15	0
hard-water	2	0
hard-wearing	13	0
hard-woods	0	2
hard-working	48	7
hare-brained	10	5
hare-like	1	0
hark-er	0	4
harl-em	0	21
harl-ow	0	18
harm-on	0	2
harmon-ious	1	34
harness-maker	1	0
harness-worker	1	0
harp-agon	0	4
harp-player	1	0
harp-playing	1	0
harp-shaped	1	0
harridan-like	1	0
harsh-hearted	1	0
harsh-sounding	7	0
hart-ley	0	4
harvest-feast	1	0
has-been	33	0
hash-pipes	1	0
hassle-free	1	0
hastily-arranged	1	0
hat-clutching	1	0
hat-field	0	2
hat-maker	3	3
hat-tie	0	3
hat-ton	0	7
hat-trick	3	0
hat-wearer	1	0
hat-wearers	1	0
hat-wearing	4	0
hate-filled	1	0
hate-mail	1	0
hath-away	0	10
hatter-sley	0	4
hatters-ley	0	4
hav-ana	0	38
hav-el	0	2
hav-in	0	4
hav-re	0	4
have-not	1	0
have-saved	1	0
haw-ick	0	2
haw-kins	0	4
hawk-eyed	2	0
hawk-headed	12	0
hawk-ins	0	4
hawk-like	4	1
hawk-wind	0	2
hay-dock	0	2
hay-es	0	8
hay-market	0	2
hay-worth	0	6
he-address	0	64
he-addresses	0	4
he-be	0	10
he-brew	0	82
he-brews	0	12
he-brides	0	36
he-cat	2	0
he-cate	0	3
he-gel	0	4
he-lens	0	8
he-lier	0	3
he-man	19	0
he-mel	0	2
he-men	17	0
he-otter	1	0
he-rod	0	17
head-band	1	7
head-butt	2	2
head-butts	0	2
head-comb	1	0
head-covering	2	0
head-down	1	0
head-dress	2	64
head-dresses	0	4
head-er	1	191
head-free	1	0
head-hunted	1	0
head-hunter	1	2
head-louse	0	2
head-note	1	1
head-on	5	0
head-ornament	1	0
head-rhyme	1	0
head-scratching	3	0
head-shaven	1	0
head-shrinker	1	0
head-spinning	1	0
head-stand	1	6
head-start	1	0
head-support	1	0
head-teacher	0	4
head-turner	7	0
head-turning	3	0
head-up	1	0
head-wear	0	101
headed-ness	0	2
heading-ley	0	13
headline-cropping	1	0
headline-grabbing	2	0
heads-up	2	0
heal-all	1	0
health-conscious	1	0
health-food	1	0
health-giver	1	0
health-giving	6	0
health-promoting	1	0
health-shop	1	0
health-spa	1	0
healthier-looking	3	0
healthy-ish	1	0
healthy-looking	7	0
healthy-sounding	4	0
hear-st	0	2
heard-hearted	1	0
hearing-aid	1	0
heart-beat	0	19
heart-break	1	7
heart-breaking	10	6
heart-broken	7	35
heart-felt	1	23
heart-rending	6	0
heart-sick	0	5
heart-sore	1	0
heart-stopper	1	0
heart-throb	34	6
heart-throbs	1	0
heart-transplant	1	0
heart-warming	6	0
hearth-side	0	2
hearths-ide	0	2
hearts-ick	0	5
heat-emitters	1	0
heat-intolerant	1	0
heat-raising	1	0
heat-resistant	11	0
heat-retaining	1	0
heat-treated	1	0
heat-wave	0	5
heated-shelter	1	0
heath-cliff	0	5
heath-dwellers	1	0
heath-land	0	7
heath-row	0	29
heaven-bound	5	0
heaven-sent	8	0
heavily-armed	1	0
heavily-built	2	0
heavily-populated	1	0
heavily-set	1	0
heavy-bodied	1	0
heavy-drinking	1	0
heavy-duty	6	0
heavy-footed	2	0
heavy-going	1	0
heavy-gutted	1	0
heavy-handed	6	0
heavy-metal	1	0
hedge-trimmer	1	0
hedgehog-like	1	0
heel-bone	2	0
heid-egger	0	6
height-enhancer	1	0
held-up	1	0
helium-filled	2	0
hell-bent	5	0
hell-bound	1	0
hell-broth	1	0
hell-cat	1	2
hell-fire	0	7
hell-hole	3	2
hell-raising	1	0
help-yourself	2	0
helpful-sounding	1	0
hem-el	0	2
hemp-stead	1	2
hemps-tead	0	2
hen-don	0	3
hen-dry	0	6
hen-house	3	6
hen-ley	0	34
hen-man	0	20
hen-night	1	0
hen-pecking	1	0
hen-run	2	0
hen-son	0	2
hend-on	0	3
hens-on	0	2
hep-burn	0	5
hep-cat	0	2
hep-worth	0	3
heptagon-shaped	2	0
her-man	0	2
her-mes	0	4
her-od	0	17
her-riot	0	2
herb-covered	1	0
herb-es	0	2
herb-garden	1	0
here-ford	0	30
herm-an	0	2
herm-es	0	4
hermit-style	1	0
hero-worship	10	0
hero-worshipper	5	0
hero-worshipping	3	0
hero-worships	1	0
heroin-dropping	1	0
heroin-packed	1	0
heroin-taking	2	0
heron-like	1	0
hers-hey	0	3
hes-ton	0	8
hesperid-es	0	2
hest-on	0	8
het-up	1	0
hey-hey	1	0
hi-fi	28	0
hi-lo	1	1
hi-ram	0	3
hi-res	1	34
hi-slop	0	16
hi-tech	23	0
hi-vis	4	0
hick-stead	0	4
hicks-tead	0	4
hide-away	1	55
hide-bound	1	2
hide-out	5	45
hide-outs	1	2
hiding-place	16	0
high-achievers	1	0
high-altitude	3	0
high-arcing	1	0
high-backed	4	0
high-beamed	1	0
high-blown	1	0
high-born	2	1
high-bridged	1	0
high-brow	2	20
high-bury	0	6
high-calibre	2	0
high-calorie	2	0
high-carb	1	0
high-caste	1	0
high-church	1	0
high-churchman	2	0
high-class	99	0
high-definition	4	0
high-end	4	0
high-energy	2	0
high-explosive	3	1
high-fibre	3	0
high-five	1	0
high-flier	94	4
high-fliers	32	0
high-flown	8	0
high-flyer	70	1
high-flyers	10	0
high-flying	38	1
high-frequency	3	0
high-fructose	1	0
high-grade	2	0
high-handed	11	0
high-handedness	3	0
high-heeled	1	0
high-horn	1	0
high-intensity	1	0
high-jumper	2	0
high-kicking	2	0
high-lander	0	36
high-landers	0	10
high-level	72	1
high-life	1	0
high-living	1	0
high-lying	2	0
high-maintenance	5	0
high-minded	9	0
high-mindedness	1	0
high-octane	3	0
high-performance	5	0
high-pitch	2	0
high-pitched	63	0
high-point	0	3
high-powered	10	0
high-pressure	2	0
high-priority	2	0
high-profile	3	0
high-protein	6	0
high-quality	18	0
high-ranked	1	0
high-ranking	57	0
high-reaching	1	0
high-resolution	1	0
high-rise	30	0
high-risk	9	0
high-roller	1	0
high-rollers	1	0
high-school	1	0
high-scoring	8	0
high-society	1	0
high-sounding	3	0
high-speed	21	0
high-spirited	26	0
high-stakes	1	0
high-status	1	0
high-stepping	1	0
high-street	9	0
high-tech	9	0
high-technology	1	0
high-tension	1	0
high-up	24	0
high-ups	6	0
high-value	2	0
high-vis	1	0
high-volume	1	0
high-water	5	0
high-wheeled	1	0
high-wire	3	0
high-yielding	1	0
higher-frequency	1	0
higher-level	1	0
higher-up	2	0
highest-ever	1	0
highest-grade	1	0
highest-level	1	0
highest-quality	1	0
highest-ranked	1	0
highest-ranking	4	0
highest-rated	2	0
highland-er	0	36
highland-ers	0	10
highly-armed	1	0
highly-charged	3	0
highly-clever	1	0
highly-desired	1	0
highly-developed	1	0
highly-motivated	1	0
highly-paid	1	0
highly-placed	3	0
highly-poisonous	1	0
highly-polished	1	0
highly-priced	1	0
highly-prized	1	0
highly-qualified	1	0
highly-rated	4	0
highly-regarded	4	0
highly-sexed	1	0
highly-skilled	2	0
highly-sought	2	0
highly-spiced	3	0
highly-strung	15	0
highly-trained	1	0
highly-valued	3	0
hila-ire	0	2
hill-ary	0	35
hill-billies	0	2
hill-billy	0	7
hill-climber	1	0
hill-climbing	7	0
hill-dweller	10	0
hill-dwellers	2	0
hill-man	0	11
hill-range	3	0
hill-ridge	1	0
hill-top	1	35
hill-workers	2	0
hilling-don	0	4
hills-borough	0	2
hilt-on	0	32
him-bo	0	2
hind-body	1	0
hind-us	0	22
hip-dislocating	1	0
hip-hop	42	3
hip-hopper	2	1
hip-hoppers	1	0
hip-related	1	0
hip-swinger	1	0
hipparch-us	0	2
hir-am	0	3
hir-st	0	13
hire-car	1	0
hire-purchase	2	0
hire-tent	1	0
hire-vehicle	1	0
his-lop	0	16
his-panic	0	30
history-books	1	0
hit-chin	0	3
hit-maker	4	1
hit-man	1	29
hit-men	0	6
hit-out	1	0
hit-table	0	2
hitch-cock	0	77
hitch-ens	0	2
hitch-hike	1	4
hitch-hiker	8	11
hitch-hiking	2	0
hitch-in	0	3
hoar-frost	1	0
hob-art	0	16
hob-bema	0	2
hob-son	0	13
hobby-horse	3	0
hobs-on	0	13
hock-ney	0	7
hog-warts	0	25
hold-all	1	9
hold-up	74	1
hold-ups	15	1
holding-off	1	0
hole-boring	1	0
hole-dweller	1	0
hole-like	1	0
holiday-maker	10	56
holiday-makers	6	36
holiday-wrecker	1	0
hollo-way	0	5
hollow-ay	0	5
hollow-cheeked	1	0
hollow-eyed	2	0
hollow-faced	1	0
hollow-stemmed	3	0
hollowed-out	17	0
holly-wood	0	339
holm-es	0	63
holt-dweller	1	0
holy-head	0	5
holy-rood	0	15
home-based	1	0
home-brew	1	2
home-brewed	2	0
home-builder	2	0
home-buyer	1	1
home-comers	1	0
home-cooking	1	0
home-fed	1	0
home-grown	7	0
home-help	2	0
home-improvement	4	0
home-life	1	0
home-made	17	5
home-maker	2	4
home-makers	1	0
home-making	2	1
home-owner	1	7
home-spun	1	6
home-study	1	0
home-that	1	0
home-worker	2	2
home-wrecker	1	0
homeward-bound	2	0
hon-da	0	5
hon-duras	0	6
honey-badger	1	0
honey-based	1	0
honey-bee	1	0
honey-bees	1	1
honey-dew	0	5
honey-eater	3	1
honey-maker	1	0
honey-makers	1	0
honey-trap	3	2
honour-bound	2	0
hoo-ha	16	0
hoo-hah	1	0
hoo-has	1	0
hood-ed	1	13
hook-up	2	1
hoop-la	2	6
hop-hop	1	0
hop-in	0	6
hop-kins	0	7
hop-picker	1	0
hop-skip	1	0
hoped-for	6	0
hormone-treated	1	0
horn-blower	0	21
horn-by	0	7
horn-call	1	0
horn-playing	1	0
horn-sey	0	2
horn-wearer	1	0
horrible-looking	1	0
horrible-sounding	1	0
horror-movie	1	0
horror-stricken	2	0
horror-struck	4	0
horse-based	1	0
horse-box	1	0
horse-boxes	0	2
horse-breaker	4	0
horse-breakers	1	0
horse-breeding	5	0
horse-doctor	3	0
horse-drawn	55	1
horse-gear	1	0
horse-hockey	1	0
horse-like	2	0
horse-man	1	115
horse-play	3	29
horse-power	2	3
horse-race	2	1
horse-racing	19	2
horse-rider	4	1
horse-riding	17	0
horse-trader	2	0
horseshoe-shaped	1	0
hos-ea	0	4
hos-kins	0	130
hose-wearer	1	0
hospital-acquired	1	0
hospital-room	1	0
hospital-wise	1	0
hostage-taking	1	0
hot-air	2	0
hot-blooded	2	0
hot-dog	2	2
hot-dogger	1	0
hot-dogs	1	0
hot-drink	1	0
hot-gospeller	1	0
hot-head	2	51
hot-headed	14	2
hot-house	1	14
hot-housed	1	0
hot-looking	2	0
hot-point	0	2
hot-rod	3	2
hot-rods	1	0
hot-shot	1	17
hot-spot	0	16
hot-spots	1	3
hot-spur	0	14
hot-tempered	4	0
hot-tub	1	0
hot-water	2	0
hot-weather	1	0
hotch-potch	1	15
hotel-island	1	0
hotel-resistant	1	0
hotly-tipped	2	0
hots-pot	0	16
hots-pots	0	3
hots-pur	0	14
hour-glass	2	15
hour-old	1	0
house-boat	0	4
house-breaker	0	4
house-breakers	1	0
house-breaking	1	0
house-builder	1	0
house-builders	1	0
house-buyer	1	0
house-call	1	0
house-craft	1	0
house-dog	1	0
house-elf	1	0
house-guest	1	0
house-hunter	1	0
house-hunters	1	0
house-keeping	1	7
house-mate	0	5
house-plants	1	2
house-room	0	4
house-sat	1	0
house-sitter	8	0
house-sitters	2	0
house-tax	1	0
house-trained	4	0
house-training	1	0
house-warming	7	1
hover-train	1	0
how-ard	0	26
how-ards	0	2
how-to	1	0
howdy-do	3	0
hoy-lake	0	3
hub-bard	0	5
hub-hub	1	0
hubble-bubble	1	0
hug-hes	0	13
hula-hoop	1	0
human-powered	1	0
humble-sounding	1	0
humming-bird	0	3
humming-birds	0	3
humourless-looking	1	0
hump-backed	1	0
hundred-fold	2	0
hundred-metre	1	0
hundred-year	1	0
hung-ary	0	97
hung-over	1	6
hungry-looking	1	0
hunky-dory	1	0
hunt-in	0	5
hunted-for	1	0
hunter-gatherer	1	0
hunting-don	0	2
hunting-grounds	1	0
hunting-horn	1	0
hunts-woman	0	2
hurly-burly	3	0
husband-free	1	0
hush-hush	21	0
hushed-up	1	0
husky-sounding	2	0
huss-ain	0	2
hut-ton	0	6
hydrogen-depleted	1	0
hydrogen-filled	1	0
hydrogen-nickel	1	0
hymn-book	2	0
hymn-books	1	1
hymn-singers	1	0
hyped-up	2	0
hyper-ion	0	4
hyper-sensitivity	0	6
ice-age	1	0
ice-bound	2	3
ice-breaker	1	8
ice-breaking	1	0
ice-cap	1	6
ice-caps	1	0
ice-cold	9	0
ice-covered	4	0
ice-cream	57	0
ice-creams	6	0
ice-dancing	2	0
ice-hockey	4	0
ice-land	0	98
ice-lander	0	4
ice-like	1	0
ice-lolly	2	0
ice-master	1	0
ice-pick	1	0
ice-rink	1	0
ice-skater	2	0
ice-skaters	3	0
ice-skating	9	0
ice-station	1	0
ice-suit	1	0
iced-tea	1	0
iced-up	1	0
identical-sounding	1	0
idiosyncratic-ally	0	2
idiot-proof	1	0
idle-sounding	1	0
ilk-ley	0	10
ill-advisably	1	0
ill-advised	32	0
ill-advisedly	9	0
ill-affected	1	0
ill-assorted	2	0
ill-balanced	3	0
ill-begotten	1	0
ill-behaved	3	0
ill-bred	11	0
ill-chosen	2	0
ill-clad	1	0
ill-conceived	8	0
ill-considered	17	0
ill-cultured	1	0
ill-defined	29	0
ill-deserved	1	0
ill-designed	1	0
ill-directed	2	0
ill-disciplined	2	0
ill-disposed	30	0
ill-doing	1	0
ill-done	1	0
ill-dressed	1	0
ill-educated	2	0
ill-equipped	13	0
ill-famed	4	0
ill-fated	31	0
ill-favoured	2	0
ill-feeling	48	0
ill-fitted	2	0
ill-fitting	12	0
ill-formed	1	0
ill-fortune	2	0
ill-frequented	1	0
ill-gotten	37	0
ill-grace	2	0
ill-greened	1	0
ill-groomed	1	0
ill-health	4	0
ill-humour	8	0
ill-humoured	3	0
ill-informed	8	0
ill-intentioned	2	0
ill-judged	8	0
ill-judgment	2	0
ill-looking	2	0
ill-luck	1	0
ill-made	1	0
ill-mannered	48	0
ill-matched	3	0
ill-meant	2	0
ill-nature	1	0
ill-natured	18	0
ill-omened	4	0
ill-organised	1	0
ill-planned	1	0
ill-prepared	17	0
ill-pronounced	1	0
ill-repute	8	0
ill-sorted	1	0
ill-sounding	1	0
ill-starred	3	0
ill-suited	4	0
ill-temper	9	0
ill-tempered	35	0
ill-timed	4	0
ill-translated	1	0
ill-treat	4	0
ill-treated	17	0
ill-treatment	19	0
ill-understood	1	0
ill-usage	1	0
ill-use	1	0
ill-used	12	0
ill-will	35	0
ill-willed	1	0
ill-wisher	1	0
ill-written	2	0
illegally-occupied	1	0
illusion-ary	0	2
illy-ria	0	2
image-breaker	1	0
image-building	2	0
image-enhancement	1	0
image-maker	7	0
image-making	1	0
image-obsessed	1	0
image-promoting	1	0
image-promotion	1	0
image-worship	1	0
image-worshipper	1	0
immoral-sounding	1	0
immunity-booster	1	0
important-sounding	2	0
impressive-looking	1	0
impressive-sounding	1	0
in-between	4	1
in-box	0	5
in-built	0	3
in-can	0	7
in-car	2	0
in-comprehensible	0	33
in-consequentially	0	3
in-controvertible	0	4
in-corruptibility	0	2
in-country	2	0
in-crowd	1	0
in-depth	9	0
in-disciplined	0	3
in-discriminately	0	34
in-distinguishable	0	5
in-es	0	4
in-fighting	4	2
in-flight	9	0
in-form	6	116
in-grid	0	11
in-group	3	1
in-house	26	0
in-its	0	8
in-joke	4	0
in-jokes	1	0
in-law	21	1
in-laws	8	0
in-one	1	0
in-patient	6	1
in-patients	1	1
in-person	2	0
in-pub	1	0
in-service	1	0
in-sporting	1	0
in-stock	1	0
in-store	4	0
in-swinger	1	0
in-te	0	2
in-thing	1	0
in-town	1	0
in-tray	5	1
in-work	1	0
inadequate-sounding	1	0
inadequately-covered	1	0
income-generating	1	0
increment-ally	0	2
independence-seizing	1	0
index-linked	1	0
index-tracking	1	0
indium-copper	1	0
individually-owned	1	0
individually-priced	1	0
inertia-reel	1	0
infection-protected	1	0
inflation-proof	1	0
information-bearer	1	0
information-gathering	1	0
infra-red	2	8
ingle-nook	0	3
initial-ly	1	10804
initially-censored	1	0
initially-trimmed	1	0
injury-prone	1	0
injury-time	1	0
ink-blot	1	0
ink-maker	1	0
ink-pad	1	0
inn-es	0	2
inn-keeper	2	30
inner-city	3	0
innocent-looking	3	0
inns-bruck	0	6
input-output	1	0
inquisitive-sounding	1	0
inquisitor-general	1	0
insect-catcher	1	0
insect-flavoured	1	0
insect-infested	1	0
insect-ridden	1	0
inside-out	4	0
insta-gram	0	17
instrument-maker	3	0
intelligence-based	1	0
intelligence-gathering	1	0
intelligence-wise	1	0
inter-city	1	8
inter-disciplinary	0	2
inter-governmental	0	4
inter-lines	1	0
inter-nationalists	0	2
inter-polar	1	1
inter-reaction	1	0
inter-rupting	1	805
interest-free	3	0
intermediate-level	1	0
internationally-minded	1	0
internet-age	1	0
internet-based	1	0
internet-connected	1	0
internet-enabled	1	0
internet-era	1	0
internet-gateway	1	0
interrupt-us	0	4
inti-ally	0	8
into-and	1	0
intricately-woven	1	0
inventory-maker	1	0
invol-ved	1	3040
inward-looking	9	0
inward-turning	1	0
io-na	0	19
io-us	0	3
iodine-deficient	1	0
iodine-impregnated	1	0
ire-land	0	856
ire-ne	0	20
iron-backed	2	0
iron-based	1	0
iron-bound	1	1
iron-clad	12	6
iron-enriched	1	0
iron-free	1	0
iron-hard	1	0
iron-like	2	0
iron-plated	1	0
iron-processing	1	0
iron-rich	1	0
iron-side	0	3
irons-ide	0	3
irritable-sounding	1	0
is-is	0	10
is-lam	0	37
is-lay	0	10
island-dweller	1	0
island-hopper	1	0
isle-worth	0	4
isling-ton	0	16
it-based	1	0
it-her	0	4
it-speak	1	0
it-the	1	0
italic-us	0	3
itch-relief	1	0
itsy-bitsy	3	0
ivory-porcelain	1	0
ja-cob	0	86
ja-han	0	4
ja-mesian	0	2
ja-meson	0	2
ja-na	0	4
ja-net	0	6
ja-nis	0	3
ja-son	0	39
ja-van	0	2
ja-vier	0	2
jack-son	0	30
jacket-less	0	2
jacks-on	0	30
jagger-style	1	0
jai-pur	0	11
jail-bait	1	0
jail-bird	1	45
jail-break	2	4
jail-breaker	0	3
jam-maker	2	0
jam-makers	4	0
jam-making	5	0
jam-pack	1	0
jam-packed	5	0
james-on	0	2
japan-ese	0	643
jar-row	0	6
jargon-busting	1	0
jaunting-car	1	0
jaw-breaker	1	0
jaw-dropping	1	0
jaw-jaw	1	0
jaw-leading	1	0
jay-ne	0	2
jazz-fan	1	0
jazz-funk	1	0
jazz-like	1	0
jazz-playing	1	0
jazz-rock	2	0
jazzed-up	2	0
jean-ne	0	4
jean-paul	14	0
jeep-ers	0	3
jelly-filled	1	0
jelly-like	3	0
jelly-maker	1	0
jerk-like	1	0
jerk-off	1	0
jerry-built	2	0
jersey-carrying	1	0
jersey-style	1	0
jet-assisted	1	0
jet-black	1	0
jet-like	1	0
jet-propelled	2	0
jet-setter	10	0
jet-setters	2	1
jet-ski	1	0
jet-skier	1	0
jet-skiing	1	0
ji-mi	0	6
jo-an	0	39
jo-anna	0	48
jo-burg	0	2
jo-die	0	4
jo-el	0	9
jo-nah	0	12
job-centre	1	11
job-finder	1	0
job-holder	1	0
job-related	1	0
job-seeker	3	6
job-seekers	2	3
job-share	0	2
job-sharer	1	0
job-sharing	2	0
jobs-hare	0	2
johannes-burg	0	11
john-boy	1	0
john-paul	1	0
john-son	0	162
johns-on	0	162
joined-up	4	0
joiner-in	1	0
jong-un	6	0
jor-dan	0	45
journalist-explorer	1	0
joy-ride	0	2
joy-rider	1	5
joy-riding	1	1
jud-ah	0	7
jud-ea	0	5
judas-like	1	0
judge-like	1	0
juice-supplying	1	0
jumbo-sized	1	0
jump-in	0	2
jump-suit	1	2
jumped-up	9	0
jumping-off	1	0
jungle-dweller	1	0
jungle-man	1	0
junk-mail	2	0
junk-yard	0	2
junkie-looking	1	0
junky-ard	0	2
jury-rigged	1	0
jus-tin	0	4
just-in	0	4
jut-land	0	6
k-y	1	3
ka-ma	0	5
ka-ne	0	42
ka-nye	0	6
ka-ren	0	14
ka-renin	0	2
ka-te	0	127
ka-thy	0	6
ka-tie	0	15
kamala-trump	1	0
kans-an	0	2
kans-as	0	94
kara-chi	0	10
karate-chop	1	0
kea-ne	0	3
kea-ton	0	7
keen-eyed	7	0
keen-sighted	2	0
keep-fit	3	0
ken-dal	0	7
ken-ny	0	4
kent-ish	0	85
kerb-crawler	1	0
kerb-crawling	1	0
kerb-merchant	1	0
kernel-less	1	0
key-holder	2	1
key-holding	1	0
key-hole	2	3
key-men	2	0
key-opened	1	0
key-operated	1	0
key-pad	1	0
key-ring	1	0
keyed-up	1	0
ki-el	0	5
ki-ki	0	4
ki-moon	6	0
ki-pling	0	124
kick-off	38	1
kick-offs	2	0
kick-start	4	0
kick-started	1	0
kick-starter	1	0
kid-man	0	2
kid-skin	1	0
kidder-minster	0	2
kill-joy	1	35
kilt-wearer	1	0
kin-nock	0	14
kind-hearted	9	0
kind-heartedly	1	0
kind-sounding	1	0
king-dismissing	1	0
king-emperor	2	0
king-maker	0	5
king-size	2	1
king-sized	2	0
king-sley	0	18
kings-ley	0	18
kings-ton	0	15
kip-ling	0	124
kip-pur	0	2
kipp-ur	0	2
kir-by	0	2
kirk-patrick	0	2
kiss-curl	1	0
kiss-off	1	0
kissing-er	0	4
kit-bag	1	6
kitchen-garden	1	0
kitchen-maid	1	1
kitchen-range	1	0
kitchen-sink	3	1
kitchen-worker	1	0
kitten-like	1	0
knee-bend	1	0
knee-cap	1	7
knee-jerk	6	0
knee-length	3	0
knee-trembler	5	0
knee-tremblers	1	0
kneeling-desk	1	0
knees-up	26	1
knife-edge	1	0
knife-point	1	0
knife-sharpener	1	0
knife-thrower	1	0
knights-bridge	0	12
knob-lengthening	1	0
knock-back	4	0
knock-backs	1	0
knock-down	6	3
knock-kneed	2	0
knock-off	1	0
knock-on	4	0
knock-out	9	124
knock-up	1	0
knocked-off	2	0
knocking-off	1	0
knocking-shop	2	0
knot-tying	1	0
know-all	32	0
know-how	8	7
know-ledge	1	498
knuckle-head	1	6
knuckle-heads	0	2
knuts-ford	0	4
ko-dak	0	2
ko-fi	0	6
ko-jak	0	8
ko-ko	4	1
ko-ons	0	2
ko-ran	0	12
ko-rean	0	64
ko-reans	0	4
kon-tiki	2	0
kore-an	0	64
kremlin-style	1	0
kund-era	0	3
la-da	0	5
la-grange	0	2
la-hore	0	14
la-la	5	0
la-os	0	38
la-place	0	2
la-tes	0	2
la-timer	0	2
la-tin	0	977
la-tins	0	7
la-urent	0	2
lab-modified	1	0
labour-antagonistic	1	0
labour-saving	3	0
labour-shunning	1	0
labra-dor	0	33
labra-dors	0	5
lace-maker	1	1
lace-work	0	7
lace-worker	1	0
ladder-like	1	0
lady-friend	1	0
lady-killer	9	2
lady-killers	1	4
lady-love	6	0
laer-tes	0	4
laevo-rotatory	1	0
lag-os	0	7
lag-range	0	2
lager-drinker	1	0
lager-like	1	0
lager-swilling	1	0
lah-ore	0	14
laid-back	49	2
laid-on	1	0
laid-out	2	0
laid-up	4	0
lake-dweller	1	0
lake-fed	1	0
lake-free	1	0
lake-lands	0	2
lake-like	1	0
lake-side	1	23
lam-beth	0	18
lam-mas	0	3
lam-pard	0	4
lam-peter	0	3
lamb-eth	0	18
lamb-like	1	0
lamp-ard	0	4
lamp-holder	1	1
lamp-lighting	1	0
lamp-post	1	4
lamp-room	1	0
lance-corporal	1	0
lance-lot	0	22
land-access	1	0
land-based	2	0
land-holder	2	3
land-holdings	2	1
land-hungry	1	0
land-line	0	4
land-locked	2	14
land-lubber	0	6
land-lubbers	0	2
land-mass	1	18
land-measures	1	0
land-or	0	5
land-seer	0	8
land-tenure	1	0
land-worker	1	1
landing-place	19	0
landing-point	1	0
landing-stage	4	0
lands-caper	0	3
lang-don	0	3
lang-ley	0	12
lang-try	0	3
langue-doc	0	6
langued-oc	0	6
lank-an	0	27
lantern-case	1	0
lap-dancing	3	0
lap-dog	2	3
lap-lace	0	2
lap-land	0	10
lap-lander	0	4
lar-kin	0	14
lar-son	0	2
lar-wood	0	2
lardy-cake	1	0
large-bore	1	0
large-bottomed	2	0
large-breasted	1	0
large-eyed	1	0
large-format	1	0
large-headed	1	0
large-hearted	3	0
large-leaved	1	0
large-minded	1	0
large-scale	53	0
large-sized	2	0
large-sounding	1	0
larger-sounding	1	0
lark-in	0	14
laser-based	1	0
laser-disc	1	0
lash-up	1	0
lasso-like	1	0
last-ditch	1	0
last-gasp	1	0
last-in	1	0
last-minute	26	0
last-resort	1	0
lat-es	0	2
lat-in	0	977
lat-ins	0	7
lat-via	0	30
late-comer	0	6
late-comers	0	5
late-developing	1	0
late-duty	1	0
late-morning	1	0
late-night	8	1
late-opening	1	0
late-starting	3	0
late-work	1	0
latex-collector	1	0
latex-derived	1	0
latter-day	8	1
lattice-work	0	11
laughing-stock	3	0
laughter-inducing	1	0
launce-lot	0	2
laurel-tree	1	0
law-abiding	6	0
law-bending	1	0
law-breaker	5	17
law-breakers	0	5
law-breaking	12	6
law-enforcers	3	0
law-enforcing	1	0
law-giver	3	33
law-keeping	1	0
law-maker	2	28
law-making	3	0
law-son	0	5
lawn-mower	1	2
laws-on	0	5
lay-by	11	0
lay-bys	1	0
lay-off	3	0
lay-offs	2	1
lay-out	0	65
lay-outs	0	3
layer-on	1	0
lazar-us	0	3
lazy-bones	0	18
lead-better	0	2
lead-free	33	0
lead-in	2	1
lead-lined	1	0
lead-pipe	1	0
lead-swinger	1	0
lead-up	1	0
leader-ship	1	209
leader-wise	3	0
leader-writer	2	0
leads-om	0	2
leaf-roof	1	0
leaf-stalk	0	4
leafs-talk	0	4
leaming-ton	0	5
lean-to	9	0
learner-driver	2	0
lease-holder	1	8
leather-clad	2	0
leather-head	0	18
leather-making	1	0
leather-tipped	1	0
leather-worker	2	1
leave-taking	4	0
lecture-hall	1	0
lee-son	0	2
lee-ward	1	0
leek-stewing	1	0
lees-on	0	2
left-arm	1	0
left-back	2	0
left-bankers	1	0
left-field	1	0
left-footer	1	0
left-hand	9	0
left-handed	9	0
left-hander	7	0
left-handers	1	0
left-leaning	47	0
left-looking	1	0
left-over	7	32
left-overs	3	48
left-right	2	0
left-side	1	0
left-to	1	0
left-wing	114	1
left-winger	172	2
left-wingers	24	2
leg-bands	1	0
leg-bone	1	0
leg-break	1	0
leg-breaker	1	0
leg-irons	1	0
leg-over	9	0
leg-pull	6	0
leg-puller	2	0
leg-pulling	2	0
leg-rest	1	0
leg-side	1	2
leg-spinner	3	0
leg-spinners	1	0
leg-up	4	0
legal-minded	1	0
legs-ide	0	2
lei-den	0	2
lem-my	0	2
lem-sip	0	2
lemon-like	1	0
lemon-peel	1	0
lemon-tree	1	0
leopard-skin	1	0
lese-majesty	2	0
leso-tho	0	13
less-filling	1	0
lesser-known	1	0
lesser-spotted	1	0
lest-er	0	4
let-down	22	8
let-he	0	4
let-off	7	0
let-up	3	0
letch-worth	0	2
lethal-sounding	1	0
letter-carrier	1	0
letter-man	0	3
letter-opener	6	0
letter-openers	1	0
letter-order	1	0
letter-perfect	1	0
letter-sorter	1	0
letter-writer	10	0
letter-writers	1	0
letter-writing	2	0
lettuce-wiper	1	0
lev-is	0	2
level-crossing	1	0
level-headed	11	0
levelling-up	1	0
levitic-us	0	5
lew-es	0	7
lewis-ham	0	3
lex-us	0	2
ley-en	0	4
ley-land	0	3
ley-ton	0	9
li-am	0	43
li-bor	0	6
li-lith	0	2
li-lo	0	10
li-pa	0	14
lib-lab	2	0
lib-or	0	6
lib-re	0	3
liber-ace	0	9
liberal-approved	1	0
liberal-minded	1	0
lice-infested	1	0
lich-field	0	2
lichen-covered	1	0
lid-dell	0	2
lie-abed	3	0
lie-down	5	0
lie-in	12	0
lie-ins	1	0
lie-spreaders	1	0
lie-spreading	1	0
life-altering	1	0
life-changing	6	0
life-drawing	1	0
life-enhancing	3	0
life-force	5	0
life-form	4	0
life-forms	1	0
life-giving	1	0
life-limiting	1	0
life-line	1	13
life-prolonging	2	0
life-saver	15	19
life-savers	2	1
life-saving	2	1
life-sciences	1	0
life-story	1	0
life-support	4	0
life-supporting	1	0
life-threatening	8	0
life-vest	1	0
lift-off	6	0
lift-shaft	2	0
lift-share	1	0
light-bearer	1	0
light-bearing	1	0
light-brown	2	0
light-bulb	2	4
light-chestnut	1	0
light-coloured	2	0
light-emitting	2	0
light-entertaining	1	0
light-entertainment	1	0
light-fingered	6	0
light-fitting	1	0
light-headed	19	1
light-hearted	29	3
light-intensifier	1	0
light-minded	1	0
light-sensitive	3	0
light-skinned	2	0
light-splitting	1	0
light-weight	1	115
light-year	0	5
light-years	1	0
lighter-than	1	0
lighting-up	2	0
lightly-coloured	1	0
lightly-cooked	1	0
like-minded	16	0
lily-like	2	0
lily-livered	2	0
lily-white	3	0
limbo-dancing	2	0
lime-house	0	2
limited-overs	1	0
limo-hire	1	0
lin-da	0	20
lin-ford	0	2
lin-gus	0	2
lin-us	0	6
lind-say	0	2
lind-sey	0	2
linden-tree	1	0
linds-ay	0	2
line-back	1	0
line-call	1	0
line-caught	1	0
line-dancing	2	0
line-out	2	1
line-snorting	2	0
line-up	55	0
line-ups	1	0
ling-us	0	2
link-later	0	3
link-up	6	1
lion-exporting	1	0
lion-headed	1	0
lion-heart	1	8
lion-man	3	0
lion-tamer	6	0
lip-curling	1	0
lip-pi	0	2
lip-read	1	1
lip-reader	1	1
lip-readers	2	0
lip-reads	1	0
lip-refashioning	1	0
lip-shaped	1	0
lip-smacking	4	0
lip-sync	3	0
lipstick-wearing	1	0
liquid-burning	1	0
liquid-filled	1	0
liquor-drinking	1	0
liquor-free	1	0
liquor-producing	1	0
liquor-shop	1	0
lis-bon	0	24
lis-ton	0	3
list-on	0	3
listens-in	1	0
lit-up	3	0
lithium-carbon	1	0
lithium-infused	1	0
litre-the	1	0
litter-bearer	1	0
litter-dropper	1	0
litter-tray	1	0
little-brained	1	0
little-grown	1	0
little-known	17	0
little-used	2	0
live-in	8	0
live-time	1	0
lived-in	1	0
liver-pool	0	214
living-in	1	0
living-room	1	0
living-stone	0	55
livings-tone	0	55
lizard-like	3	0
llama-house	1	0
llama-like	1	0
lo-cal	4	1532
lo-calorie	1	0
lo-ewe	0	3
lo-gin	0	3
lo-ire	0	51
lo-is	0	20
lo-ki	0	3
lo-man	0	4
lo-mu	0	2
lo-oo	0	2
lo-ren	0	8
lo-sey	0	2
lo-vin	0	2
lo-well	0	5
lo-wry	0	34
load-bearer	1	0
load-bearing	2	0
load-carrier	1	0
loan-ee	0	2
loan-shark	1	0
lobster-trap	1	0
locally-caught	1	0
locally-produced	1	0
location-based	1	0
location-specific	1	0
loch-nagar	0	2
lock-in	2	0
lock-keeper	12	4
lock-out	1	1
lock-up	29	1
locked-up	1	0
locker-up	1	0
lodging-house	2	0
lodging-place	14	0
lofty-sounding	3	0
log-bearing	1	0
log-book	0	5
log-in	5	3
log-jam	0	2
log-keeper	1	0
log-off	1	0
logo-mines	1	0
logo-starer	1	0
loin-cloth	0	23
lolly-eater	1	0
long-abandoned	1	0
long-ago	3	0
long-armed	1	0
long-awaited	1	0
long-champ	0	4
long-contested	2	0
long-dead	4	0
long-desired	1	0
long-distance	93	1
long-eared	1	0
long-established	17	0
long-faced	4	0
long-fellow	0	10
long-forgotten	3	0
long-gone	2	0
long-hair	1	0
long-haired	14	0
long-handled	4	0
long-haul	10	0
long-in	0	2
long-johns	1	0
long-jumpers	1	0
long-lasting	16	0
long-leat	0	6
long-legged	15	0
long-limbed	3	0
long-lived	2	0
long-lost	3	0
long-mocked	1	0
long-necked	5	0
long-nosed	1	0
long-player	1	0
long-playing	1	0
long-range	6	0
long-respected	1	0
long-ruling	1	0
long-running	30	0
long-serving	10	0
long-shanks	0	2
long-sighted	1	0
long-standing	35	2
long-suffering	25	0
long-tail	1	0
long-tailed	4	0
long-term	71	0
long-time	6	1
long-winded	20	1
longed-for	1	0
longer-legged	1	0
longs-hanks	0	2
loo-kin	0	6
loo-ney	0	3
look-alike	4	21
look-in	3	6
look-out	7	38
look-sees	1	0
look-up	1	0
looked-after	1	0
looking-glass	3	0
loop-line	2	0
loose-fit	1	0
loose-fitting	6	0
loose-head	1	0
loose-jointed	2	0
loose-leaf	2	0
loose-limbed	9	0
loose-wired	1	0
loosely-built	1	0
loosely-drawn	1	0
loosener-up	1	0
loosening-up	1	0
lop-eared	1	0
lor-en	0	8
lor-na	0	25
lore-lei	0	6
lorry-driver	1	0
lorry-drivers	1	0
loss-leader	1	0
loss-making	3	1
lot-te	0	2
lot-tie	0	3
lotos-eaters	1	0
lotus-eaters	3	0
loud-mouth	2	11
loud-mouthed	9	2
loud-voiced	2	0
lough-borough	0	2
loused-up	1	0
love-affair	1	0
love-apple	1	0
love-bird	2	10
love-child	1	0
love-craft	0	5
love-crazy	1	0
love-feast	1	0
love-filled	4	0
love-game	1	0
love-god	2	0
love-in	9	0
love-kiss	1	0
love-lace	0	8
love-letter	1	0
love-letters	1	0
love-lorn	1	20
love-making	4	23
love-match	1	0
love-nest	3	0
love-plant	1	0
love-poetry	1	0
love-potion	1	0
love-seats	1	0
love-sickness	1	1
love-song	2	0
love-struck	1	0
love-token	1	0
lovely-sounding	1	0
lover-boy	6	0
low-achieving	1	0
low-alcohol	5	0
low-born	1	2
low-brow	0	11
low-budget	6	0
low-calorie	17	0
low-carb	1	0
low-carbo	1	0
low-class	6	0
low-cost	8	0
low-cut	6	0
low-down	74	19
low-ell	0	5
low-emission	1	0
low-energy	1	0
low-fat	19	0
low-flying	1	0
low-footfall	1	0
low-frequency	1	0
low-grade	12	0
low-growing	2	0
low-hanging	1	0
low-heeled	1	0
low-key	14	0
low-level	13	0
low-life	3	15
low-lifer	2	0
low-lifers	2	1
low-lit	1	0
low-lying	12	0
low-minded	1	0
low-necked	2	0
low-paid	1	0
low-pitched	9	0
low-powered	2	0
low-priced	4	0
low-profile	1	0
low-quality	8	0
low-ranking	2	0
low-relief	1	0
low-rent	1	0
low-rise	4	0
low-risk	1	0
low-scoring	7	0
low-seismic	1	0
low-sodium	1	0
low-sounding	1	0
low-speed	1	0
low-spending	1	0
low-spirited	1	0
low-strength	1	0
low-tech	4	0
low-value	3	0
low-wage	1	0
low-water	1	0
lower-class	6	0
lower-classes	1	0
lower-leg	1	0
lower-level	1	0
lower-order	3	0
lower-storey	1	0
lowes-toft	0	4
lowest-level	1	0
lowest-oft	0	4
lowly-sounding	1	0
luck-now	0	3
lud-dite	0	13
lud-low	0	2
lud-wig	0	5
lug-er	0	9
luggage-van	1	0
lum-ley	0	2
lum-pur	0	14
lumbang-oil	1	0
lump-ur	0	14
lunch-time	1	120
lust-filled	1	0
lusted-after	1	0
luvvie-dom	0	2
luvvie-like	2	0
luvvie-style	3	0
luvvy-like	1	0
lux-or	0	9
luxury-lover	1	0
lyre-shaped	1	0
lyric-writer	1	0
ma-bel	0	16
ma-cavity	0	2
ma-ch	0	7
ma-clean	0	5
ma-deline	0	2
ma-doff	0	4
ma-eve	0	3
ma-gnus	0	8
ma-goo	0	4
ma-kin	0	3
ma-lay	0	15
ma-lone	0	12
ma-me	0	2
ma-neater	0	9
ma-noir	0	2
ma-non	0	3
ma-rat	0	4
ma-sai	0	7
ma-this	0	2
ma-yo	0	32
mac-beth	0	132
mac-cool	0	3
mac-duff	0	8
mac-kay	0	2
mac-lean	0	5
mace-bearer	2	1
machine-gun	13	3
machine-guns	1	1
machine-powered	1	0
machine-washable	1	0
machine-wrecker	2	0
macho-sounding	1	0
mack-ay	0	2
mackerel-catcher	2	0
macle-an	0	5
macro-clay	1	0
mad-house	1	12
mad-off	0	4
mad-rid	0	149
mad-rile	0	2
made-line	0	2
made-out	1	0
made-up	40	0
mag-gie	0	41
mag-na	0	10
mag-no	0	2
mag-oo	0	4
mag-witch	0	6
maggot-eating	1	0
magnific-at	0	2
mai-ne	0	114
mai-son	0	3
maid-stone	0	5
maids-tone	0	5
mail-bag	0	6
mail-bags	0	4
mail-box	0	2
mail-order	2	0
mail-train	1	0
main-waring	0	4
major-can	0	2
major-general	2	0
mak-eth	0	3
mak-in	0	3
make-believe	11	0
make-over	9	98
make-overs	0	2
make-up	264	4
mal-aga	0	12
mal-ay	0	15
mal-dives	0	4
mal-ley	0	4
mal-mo	0	6
mal-one	0	12
mal-ta	0	60
mala-chi	0	8
mala-prop	0	6
male-centred	1	0
male-only	3	0
mali-an	0	2
malo-ne	0	12
malt-ese	0	16
man-agin	0	2
man-bag	1	1
man-bun	1	0
man-cha	0	6
man-child	1	0
man-eater	32	9
man-eaters	3	0
man-eating	13	0
man-flu	1	0
man-hour	1	0
man-hours	2	0
man-ley	0	3
man-like	3	0
man-made	12	4
man-managers	1	0
man-mountain	1	0
man-o	2	0
man-on	0	3
man-sell	0	2
man-servant	1	15
man-size	1	0
man-years	1	0
mana-gin	0	2
manet-te	0	2
mani-low	0	4
manic-depressive	1	0
manor-house	6	0
manor-houses	1	0
mans-ell	0	2
mans-field	0	9
manually-operated	1	0
manure-spreading	1	0
many-coloured	2	0
many-headed	1	0
many-legged	1	0
many-sided	6	0
many-stranded	1	0
map-book	1	0
map-line	1	0
map-maker	7	5
map-makers	9	13
map-making	1	0
map-reader	2	0
map-reading	2	0
mar-at	0	4
mar-che	0	2
mar-cos	0	2
mar-dale	0	2
mar-gate	0	27
mar-go	0	10
mar-io	0	10
mar-ion	0	4
mar-lowe	0	15
mar-ne	0	2
mar-tell	0	2
mar-tine	0	3
mar-vell	0	6
mar-vin	0	15
mara-dona	0	18
marc-eau	0	2
marc-he	0	2
marc-os	0	2
marc-us	0	8
marcel-wave	1	0
mard-ale	0	2
marg-aret	0	104
marg-ate	0	27
maria-na	0	2
maril-lion	0	2
mark-ova	0	2
mark-up	2	1
mark-ups	1	0
market-goer	3	0
market-place	2	70
market-places	1	8
market-town	2	0
marl-borough	0	3
marl-ene	0	6
marl-owe	0	15
marle-ne	0	6
marriage-related	1	0
marry-at	0	2
marsh-dweller	2	0
marshal-sea	0	5
marshals-ea	0	5
mart-ell	0	2
mart-ha	0	17
martini-que	0	10
marv-ell	0	6
marv-in	0	15
mary-land	0	20
mas-ai	0	7
mas-sager	0	2
mase-field	0	9
maser-ati	0	3
mash-up	1	0
mass-market	1	0
mass-produced	6	0
mass-producer	2	0
mass-produces	1	0
masse-net	0	4
master-card	0	2
master-son	0	4
master-switch	1	0
master-work	0	2
masters-on	0	4
mat-abele	0	4
mat-his	0	2
mat-thew	0	54
mat-thews	0	7
match-box	1	2
match-day	1	0
match-fit	1	0
match-fixers	1	0
match-fixing	2	0
match-goer	2	0
match-winner	1	0
math-is	0	2
mathe-maticians	1	25
matt-hew	0	54
matt-hews	0	7
matter-horn	0	6
maud-ling	0	2
mauri-er	0	16
maxi-ne	0	4
maxi-skirt	1	0
maximum-minimum	1	0
may-an	0	7
may-fair	0	20
may-hold	1	0
may-trump	1	0
me-doc	0	7
me-gan	0	4
me-gane	0	3
me-quick	1	0
me-too	0	5
me-uni	0	2
me-up	1	0
meadow-grass	1	0
meagrely-stocked	1	0
meal-lime	1	0
meal-time	2	7
meal-times	0	2
meal-tin	1	0
mealy-mouthed	1	0
mean-sounding	1	0
mean-spirited	10	0
meat-ball	0	5
meat-balls	0	10
meat-carrying	1	0
meat-eater	4	0
meat-eaters	2	0
meat-eating	2	0
meat-filled	3	0
meat-focused	1	0
meat-free	2	0
meat-loaf	0	5
meat-packing	2	0
meat-pie	1	0
meat-safe	1	1
medal-winner	1	0
medal-winners	1	0
media-friendly	1	0
media-led	1	0
medic-are	0	7
medic-is	0	3
mediterranean-style	1	0
medium-dry	3	0
medium-fast	1	0
medium-hard	1	0
medium-hot	1	0
medium-size	1	0
medium-sized	24	0
meeting-place	16	0
meeting-places	2	0
meeting-point	1	0
mega-bore	1	0
mega-chopped	1	0
mega-era	0	2
mega-excited	1	0
mega-fast	1	0
mega-itchy	1	0
mega-lake	1	0
mega-ne	0	3
mega-performer	1	0
mega-potato	1	0
mega-publicity	1	0
mega-pulsar	1	0
mega-redevelopment	1	0
mega-rich	1	0
mega-roomy	1	0
mega-stand	1	0
mega-whiny	1	0
meister-singer	0	2
mel-bourne	0	35
mel-drew	0	2
mel-lor	0	4
mel-lors	0	4
mel-rose	0	2
meld-rew	0	2
mell-or	0	4
melodramatic-ally	0	4
melt-down	1	23
melt-water	1	2
melting-point	1	0
melting-pot	1	0
mem-bers	1	899
member-owned	1	0
member-supported	1	0
members-only	1	0
men-dips	0	4
men-only	5	0
men-tis	0	4
ment-is	0	4
mento-red	0	4
menu-hin	0	5
mercat-or	0	2
merci-an	0	12
mercy-trip	1	0
merk-el	0	43
merry-making	2	32
mes-si	0	37
mes-sin	0	3
mess-er	0	2
mess-in	0	3
mess-tin	1	0
mess-up	2	0
message-boarder	1	0
message-carrier	1	0
message-sender	1	0
message-storing	1	0
messed-up	2	0
messenger-bird	1	0
messenger-boy	3	0
met-oo	0	5
metal-clad	2	0
metal-covered	1	0
metal-headed	1	0
metal-plated	5	0
metal-tipped	1	0
metal-ware	0	3
metal-work	0	9
metal-worker	2	38
metal-workers	0	3
metal-working	2	2
meter-reader	1	0
metre-high	1	0
metre-wide	1	0
metronome-shaped	1	0
mezzo-piano	2	0
mezzo-soprano	1	0
mi-ami	0	26
mi-das	0	14
mi-ley	0	7
miche-lin	0	3
mickey-takers	1	0
mickey-taking	4	0
micro-king	1	0
micro-manage	1	0
micro-network	1	0
micro-organism	2	1
micro-organisms	9	1
micro-sex	1	0
micro-soft	0	18
micros-oft	0	18
mid-afternoon	27	0
mid-air	7	1
mid-aisles	1	0
mid-as	0	14
mid-assault	1	0
mid-august	1	0
mid-autumn	1	0
mid-barbecuing	1	0
mid-broadcast	2	0
mid-canvas	1	0
mid-career	1	0
mid-ceilidh	1	0
mid-century	4	0
mid-clue	1	0
mid-coalition	1	0
mid-continent	1	0
mid-course	1	0
mid-dance	1	0
mid-denial	1	0
mid-east	2	2
mid-evening	12	0
mid-field	1	15
mid-fielders	0	4
mid-flight	3	0
mid-flow	2	0
mid-forty	1	0
mid-get	0	12
mid-jog	1	0
mid-lander	0	5
mid-lent	1	0
mid-life	2	2
mid-march	5	0
mid-may	2	0
mid-month	8	0
mid-morning	30	1
mid-ocean	5	0
mid-off	8	0
mid-on	6	0
mid-performance	1	0
mid-piece	1	0
mid-point	5	13
mid-price	1	0
mid-procedure	1	0
mid-race	1	0
mid-range	7	0
mid-retreat	1	0
mid-revolution	1	0
mid-river	1	0
mid-row	1	0
mid-season	2	0
mid-section	11	9
mid-sixties	4	0
mid-sized	1	0
mid-somerset	1	0
mid-south	1	0
mid-spring	1	0
mid-step	1	0
mid-summer	1	20
mid-swing	1	0
mid-tackle	1	0
mid-teens	1	0
mid-term	4	1
mid-terrace	1	0
mid-thirties	2	0
mid-thought	1	0
mid-tinkle	1	0
mid-tour	1	0
mid-wales	3	0
mid-week	12	26
mid-welsh	1	0
mid-west	4	34
mid-western	0	7
mid-westerner	0	3
mid-wicket	1	1
mid-winter	3	7
mid-year	3	0
middle-age	4	0
middle-aged	11	1
middle-class	20	0
middle-die	1	0
middle-distance	14	0
middle-earth	10	0
middle-east	3	0
middle-eastern	20	0
middle-easterner	15	0
middle-easterners	1	0
middle-march	0	6
middle-ranking	2	0
middle-sex	0	26
middle-sized	3	0
middle-ton	0	3
middles-brough	0	11
middles-ex	0	26
midfield-ers	0	4
midland-er	0	5
mids-omer	0	3
mikado-style	1	0
mike-drop	1	0
mil-an	0	114
mil-ligan	0	33
mil-ne	0	27
mil-ton	0	65
mild-mannered	6	0
mild-red	0	2
mild-tempered	1	0
mile-high	1	0
military-industrial	1	0
military-style	2	0
milk-based	3	0
milk-calf	1	0
milk-curdler	1	0
milk-giving	1	0
milk-producers	1	0
milk-shake	0	6
milk-shakes	0	2
milk-soaked	1	0
milk-weed	0	2
milking-time	1	0
milks-hake	0	6
milks-hakes	0	2
milky-way	1	0
milky-white	2	0
mill-ais	0	2
mill-bearing	1	0
mill-race	2	1
mill-sites	1	0
mill-stream	0	3
mill-wall	0	7
million-dollar	1	0
milt-on	0	65
min-ack	0	2
min-chin	0	2
min-gus	0	4
mince-pie	3	0
minch-in	0	2
mind-altering	1	0
mind-benders	1	0
mind-blowing	9	0
mind-boggling	3	0
mind-control	1	0
mind-expanding	1	0
mind-numbing	5	0
mind-reader	2	0
mind-reading	1	0
mind-set	5	13
mine-craft	0	3
mine-field	0	4
mine-head	0	5
mine-shaft	0	2
mineral-rich	3	0
mines-haft	0	2
ming-us	0	4
mini-acts	1	0
mini-album	1	0
mini-cameras	1	0
mini-complex	1	0
mini-computer	1	0
mini-dish	1	0
mini-dress	2	1
mini-dwelling	1	0
mini-illustration	1	0
mini-map	1	0
mini-mountain	1	0
mini-outing	1	0
mini-palatial	1	0
mini-picture	1	0
mini-poem	1	0
mini-revolution	1	0
mini-rugby	1	0
mini-soap	2	0
mini-submarine	1	0
mini-tempest	1	0
mini-trauma	1	0
mini-vat	1	0
mini-vehicle	1	0
mino-an	0	8
mino-gue	0	8
mino-la	0	4
minor-league	1	0
mint-green	1	0
mir-ren	0	4
miracle-man	1	0
miracle-worker	2	0
mirr-en	0	4
mis-alignment	1	1
mis-appropriation	0	2
mis-attributed	0	2
mis-interpretation	0	3
mis-ordered	1	0
mis-representation	0	25
mis-selling	1	0
mis-served	1	0
mis-shapen	1	50
mis-spelt	1	43
mis-struck	1	0
mis-understanding	0	14
mis-understandings	0	5
mischief-maker	80	1
mischief-makers	14	0
mischief-making	1	0
mischievous-sounding	1	0
miserable-looking	2	0
misrep-resented	1	173
misrepre-sented	1	173
missile-launcher	4	0
missile-launchers	2	0
mistle-thrush	1	0
misty-eyed	2	0
mitch-ell	0	13
mix-up	63	1
mix-ups	2	0
mixed-ability	1	0
mixed-load	1	0
mixed-media	1	0
mixed-up	19	0
mo-ab	0	6
mo-een	0	4
mo-hammed	0	6
mo-ley	0	2
mo-li	0	14
mo-ma	0	3
mo-net	0	61
mo-ore	0	56
mo-rag	0	6
mo-ran	0	2
mo-scow	0	71
mo-sel	0	2
mo-selle	0	13
mo-sley	0	3
mo-star	0	3
mo-to	0	2
mo-town	0	32
mo-ules	0	2
mo-vin	0	4
mo-yet	0	2
moa-bite	0	2
mob-handed	3	0
mock-up	4	0
mod-father	0	2
model-making	2	0
model-type	12	0
model-types	2	0
modern-day	8	0
modern-style	1	0
moe-en	0	4
moisture-based	1	0
mold-ova	0	3
mole-hill	0	2
mole-hills	0	2
mole-like	1	0
mole-ridden	1	0
molie-re	0	3
mom-basa	0	3
mon-day	0	72
mon-days	0	7
mon-roe	0	42
mon-signor	0	2
mon-sun	1	0
mon-tana	0	24
money-back	1	0
money-bag	1	2
money-bags	0	12
money-box	2	2
money-changing	5	0
money-collecting	1	0
money-collector	1	0
money-crazy	1	0
money-extracting	1	0
money-gathering	1	0
money-grabber	3	0
money-grabbing	2	0
money-grubber	3	0
money-grubbing	2	0
money-handlers	1	0
money-hoarder	1	0
money-holder	1	0
money-lender	2	26
money-lenders	1	13
money-lending	2	3
money-mad	1	0
money-maker	4	13
money-making	17	13
money-man	1	5
money-oriented	1	0
money-penny	0	5
money-pig	1	0
money-raiser	1	0
money-raising	5	0
money-related	1	0
money-saving	3	0
money-spinner	11	1
money-spinning	1	0
money-taking	1	0
money-wise	1	0
monk-fish	0	2
monk-house	0	3
monk-like	1	0
monkey-like	1	0
monkey-talk	1	0
mono-construction	1	0
mono-sodium	0	2
monos-odium	0	2
monster-infested	1	0
monster-slaying	1	0
monte-cito	0	2
month-old	2	0
monthly-paid	1	0
moo-re	0	56
mood-altering	1	0
mood-changers	1	0
mood-inducing	1	0
mood-modifying	1	0
moon-affected	1	0
moon-dweller	1	0
moon-eyed	1	0
moon-lander	1	0
moon-like	1	0
moon-painter	1	0
moon-starer	2	0
moon-walker	0	3
moon-walking	1	1
moonwalk-er	0	3
moose-ling	1	0
mop-ups	1	0
mor-an	0	2
mor-daunt	0	2
mor-dor	0	2
mor-gan	0	32
mor-mon	0	20
mor-timer	0	4
mor-ton	0	2
mora-via	0	2
moral-boosting	1	0
morale-booster	4	0
morale-boosting	2	0
morning-after	1	0
morning-time	1	0
morocco-bound	1	0
morris-dancer	1	0
morris-on	0	21
morris-sey	0	3
mort-em	0	2
mort-on	0	2
mortar-board	0	3
mos-cow	0	71
mos-el	0	2
mos-ha	0	2
mos-lem	0	15
mos-ley	0	3
mos-sad	0	8
mos-tar	0	3
mosaic-piece	1	0
mose-ley	0	2
moss-ad	0	8
moss-trooper	0	2
most-ar	0	3
most-famous	1	0
mot-own	0	32
moth-ball	0	3
moth-balled	0	2
moth-balls	0	4
moth-eaten	6	0
mother-killer	1	0
mother-of	1	0
mother-well	0	3
motor-bike	2	42
motor-bikes	1	4
motor-boat	0	11
motor-car	0	3
motor-cycles	1	1
motor-cyclist	0	14
motor-cyclists	0	3
motor-home	1	9
motor-ing	1	89
motor-launch	1	0
motor-phobic	1	0
motor-race	1	0
motor-racing	16	0
motor-sport	0	20
motors-port	0	20
mould-induced	1	0
mountain-based	1	0
mountain-climber	1	0
mountain-climbers	1	0
mountain-climbing	7	0
mountain-dweller	12	0
mountain-dwellers	1	0
mountain-range	1	0
mountain-top	6	0
mountain-tops	3	1
mournful-sounding	2	0
mouse-catchers	2	0
mouse-coloured	1	0
mouse-like	5	1
mouse-pony	1	0
mouse-sized	1	0
mouse-trap	0	18
mouse-traps	0	3
mouth-based	1	0
mouth-filling	1	0
mouth-like	1	1
mouth-opening	1	0
mouth-organist	1	0
mouth-organs	1	0
mouth-rinser	1	0
mouth-watering	9	4
movie-goers	1	2
movie-maker	1	1
movie-makers	1	0
movie-making	1	0
movie-set	1	0
mow-bray	0	5
mow-lam	0	7
moz-art	0	105
mu-slim	0	323
mu-slims	0	51
mu-swell	0	2
much-abused	1	0
much-admired	5	0
much-decreased	1	0
much-enhanced	1	0
much-enraged	1	0
much-favoured	2	0
much-followed	2	0
much-improved	1	0
much-liked	11	0
much-loved	36	0
much-married	2	0
much-mended	1	0
much-needed	3	0
much-performed	1	0
much-quoted	1	0
much-reduced	1	0
much-repeated	1	0
much-respected	2	0
much-revered	2	0
much-travelled	2	0
much-troubled	1	0
much-used	3	0
much-valued	1	0
much-visited	3	0
much-wanted	1	0
muck-raker	2	0
muck-rakers	1	0
muck-raking	2	0
muck-spreader	1	1
muck-spreaders	1	0
muck-spreading	1	2
muck-up	2	0
mud-bath	0	2
mud-filled	2	0
mud-flat	0	2
mud-flats	0	2
mud-lover	1	0
mud-slinger	1	0
mud-slinging	3	1
mud-spattered	1	0
mud-splattered	1	0
muddle-headed	2	0
muddle-pated	1	0
mug-shot	0	2
mugs-hot	0	2
muir-field	0	6
multi-author	2	0
multi-billionaire	1	0
multi-channel	1	0
multi-coloured	8	10
multi-cutter	1	0
multi-dimensional	1	1
multi-directional	1	0
multi-ethnic	1	0
multi-faceted	3	5
multi-faith	3	0
multi-function	1	1
multi-functional	1	1
multi-generational	1	0
multi-headed	1	0
multi-hulled	1	0
multi-instrumentalist	1	0
multi-layered	2	3
multi-level	1	0
multi-lingual	1	6
multi-million	2	0
multi-millionaire	1	3
multi-millionaires	1	0
multi-part	1	0
multi-player	1	0
multi-pronged	1	0
multi-purpose	1	2
multi-sided	1	1
multi-skilled	1	2
multi-socket	1	0
multi-storey	4	1
multi-talented	7	1
multi-task	1	0
multi-tasker	1	1
multi-tasking	2	2
multi-tea	1	0
multi-variable	1	0
multi-voice	1	0
multi-volume	1	0
multi-wheeled	1	0
multiple-choice	3	0
mun-ich	0	48
muni-ch	0	48
murray-field	0	5
muscle-bound	4	0
muscle-builder	1	0
muscle-building	3	0
muscle-flexing	1	0
muscle-man	0	6
muscle-stretching	1	0
music-hall	7	0
music-maker	65	1
music-makers	7	0
music-making	5	1
music-player	1	0
music-wise	1	0
musk-roses	1	0
mussel-burgh	0	2
must-have	5	0
must-see	6	0
mustard-seed	1	0
mutt-ley	0	2
mutual-aid	1	0
my-sore	0	3
my-thumb	1	0
mys-ore	0	3
na-dal	0	26
na-dine	0	4
na-hum	0	2
na-omi	0	19
na-pier	0	9
na-sh	0	14
na-st	0	2
na-than	0	3
na-to	0	109
nad-er	0	2
nag-es	0	2
nag-pur	0	3
naga-saki	0	6
nah-um	0	2
nai-vet	0	2
nail-biter	1	0
nail-biting	6	0
nail-head	1	1
name-caller	1	0
name-calling	4	0
name-change	1	0
name-concealing	1	0
name-drop	2	1
name-dropped	3	0
name-dropper	1	0
name-dropping	36	0
name-drops	1	0
name-giver	1	0
name-plate	1	0
name-tag	1	2
nan-do	0	7
nan-tes	0	10
narrow-boat	0	3
narrow-brimmed	1	0
narrow-eyed	1	0
narrow-minded	43	0
narrow-mindedness	1	1
narrowly-beaten	1	0
narrowly-losing	1	0
nasty-looking	2	0
nasty-smelling	1	0
nasty-sounding	2	0
nat-han	0	3
nation-state	1	0
nature-god	1	0
nature-lovers	1	0
nauseous-looking	1	0
nautical-themed	1	0
nav-arre	0	2
navar-one	0	2
navar-re	0	2
navel-gazing	2	0
navel-piercing	1	0
navy-bottomed	1	0
nay-sayer	1	4
nay-sayers	0	2
ne-gra	0	4
ne-ill	0	16
ne-mo	0	23
ne-pal	0	42
ne-ur	0	3
ne-vada	0	47
ne-vis	0	7
ne-wark	0	6
ne-wry	0	4
near-brown	1	0
near-by	1	178
near-casual	1	0
near-cold	2	0
near-collapse	1	0
near-confutable	1	0
near-disaster	2	0
near-disastrous	1	0
near-dunce	1	0
near-earth	1	0
near-genital	1	0
near-groin	1	0
near-perfect	3	0
near-terror	1	0
nearly-new	3	0
neat-handed	1	0
neatly-turned	1	0
neck-ring	1	0
neck-warmer	1	0
nectar-eating	1	0
nectar-seeking	1	0
nee-son	0	5
needle-fish	0	2
needle-less	1	0
needle-like	3	0
needle-pointed	1	0
needle-user	1	0
needle-worker	2	9
needle-workers	0	2
needlework-er	0	9
needlework-ers	0	2
neg-lig	0	4
negligently-kept	1	0
neo-realist	1	0
nep-tune	0	22
nerd-like	1	0
nerve-racking	3	1
nerve-shredding	1	0
nerve-wracking	3	0
ness-un	0	7
nest-builder	2	0
nest-building	1	0
nest-or	0	2
net-based	1	0
net-fishing	1	0
net-flix	0	15
net-like	2	0
net-worker	1	6
net-zero	1	0
nether-lander	0	2
nether-lands	0	54
nether-world	0	4
nettle-graspers	1	0
nettle-rash	3	1
neve-rending	0	2
never-ending	68	2
never-never	2	0
never-present	1	0
never-worn	1	0
new-age	2	0
new-ark	0	6
new-born	3	32
new-built	1	0
new-bury	0	3
new-castle	0	134
new-fangled	7	12
new-fashioned	1	0
new-found	4	0
new-gate	0	16
new-haven	0	2
new-laid	1	0
new-look	1	0
new-man	0	7
new-mown	1	0
new-paper	0	2
new-port	0	13
new-quay	0	8
new-sighted	1	0
new-style	8	0
newly-arrived	1	0
newly-born	1	0
newly-built	10	0
newly-cast	1	0
newly-coined	1	0
newly-constructed	3	0
newly-created	1	0
newly-delivered	2	0
newly-designed	4	0
newly-developed	5	0
newly-established	1	0
newly-experienced	1	0
newly-formed	9	0
newly-found	1	0
newly-issued	1	0
newly-made	1	0
newly-married	1	0
newly-mown	1	0
newly-ordained	1	0
newly-pressed	1	0
newly-prominent	2	0
newly-trained	5	0
newly-washed	1	0
newly-wed	38	19
newly-weds	14	10
newly-written	2	0
news-flash	0	2
news-gathering	1	0
news-papermen	1	3
news-papers	1	169
news-reader	0	27
news-readers	0	3
news-stands	1	0
news-value	1	0
newspaper-backed	1	0
newton-john	4	0
next-day	1	0
next-door	8	0
next-generation	1	0
ney-mar	0	5
nice-looking	4	0
nice-scented	1	0
nice-sounding	1	0
niche-like	1	0
nick-nacks	1	0
nickel-iron	1	0
nickel-silver	1	0
nicol-ai	0	2
nicol-as	0	8
nicotine-filled	1	0
nicotine-free	1	0
nig-el	0	103
nig-er	0	27
night-bird	0	5
night-burner	2	0
night-clothes	0	3
night-club	0	107
night-clubs	0	8
night-flier	1	0
night-fliers	2	0
night-gaunts	1	0
night-light	3	1
night-shift	1	0
night-time	26	1
night-vision	1	0
night-watchman	7	7
night-work	1	0
nil-by	1	0
nil-draw	1	0
nil-nil	7	0
nil-nils	1	0
nil-one	1	0
nil-otic	0	2
nil-star	1	0
nim-by	0	6
nim-es	0	3
nim-rod	0	24
nimble-fingered	2	0
nine-angled	1	0
nine-headed	1	0
nine-hole	1	0
nine-inch	1	0
nine-letter	1	0
nine-month	1	0
nine-ounce	1	0
nine-piece	2	0
nine-pillared	1	0
nine-tails	3	0
nine-volts	1	0
nineteen-eighty	1	0
nineteenth-century	4	0
ninety-four	1	0
ninety-nine	15	0
ninety-one	1	0
ninety-ton	1	0
nirvana-seeker	1	0
nis-san	0	10
nit-pick	2	1
nit-picked	1	0
nit-picker	15	7
nit-pickers	1	2
nit-picking	20	4
nit-pickings	1	0
nit-picky	1	0
nitrogen-enriched	1	0
nitrogen-fed	1	0
nitrogen-filled	1	0
nitrogen-free	2	0
nitrogen-fuelled	1	0
nitrogen-infused	1	0
nitty-gritty	3	0
nix-on	0	47
no-account	3	0
no-ah	0	123
no-ball	5	0
no-balls	2	0
no-bar	1	0
no-bel	0	75
no-bis	0	2
no-can	1	0
no-compromise	1	0
no-cost	1	0
no-deal	1	0
no-el	0	105
no-entry	1	0
no-fault	1	0
no-fly	6	0
no-frills	26	0
no-fuss	1	0
no-go	18	0
no-good	49	0
no-hope	2	0
no-hoper	32	0
no-hopers	4	0
no-ire	0	11
no-ires	0	2
no-la	0	3
no-man	5	0
no-mark	1	0
no-mates	2	0
no-name	2	0
no-no	13	1
no-nonsense	14	0
no-one	84	1
no-pressure	1	0
no-rah	0	2
no-risk	1	0
no-score	10	0
no-show	4	0
no-shower	1	0
no-ta	0	5
no-trump	2	0
no-trumps	2	0
no-win	42	0
no-working	1	0
nob-el	0	75
nob-is	0	2
noble-men	1	24
noble-sounding	3	0
noir-es	0	2
noise-less	1	11
noise-maker	1	1
noise-makers	1	0
noise-reducing	1	0
noise-reduction	2	0
noise-suppressing	1	0
noise-suppression	1	0
non-abstract	1	0
non-academic	3	0
non-acceptance	1	0
non-acoustic	1	0
non-acting	1	0
non-active	1	0
non-adult	1	0
non-aesthetic	1	0
non-alcoholic	45	1
non-amateur	2	0
non-anglicised	1	0
non-appearance	3	1
non-arrival	1	0
non-aspirational	1	0
non-atheist	1	0
non-atomic	1	0
non-attendance	5	0
non-attentive	1	0
non-believer	32	2
non-believers	8	0
non-believing	2	0
non-belligerent	1	0
non-biker	1	0
non-binary	5	1
non-binding	2	0
non-black	2	0
non-blood	1	0
non-boozer	2	0
non-bowler	2	0
non-capital	1	0
non-casual	1	0
non-celebrity	2	0
non-central	1	0
non-chain	1	0
non-church	1	0
non-churchy	1	0
non-citizen	1	0
non-civil	1	0
non-clergy	5	0
non-clergymen	1	0
non-clerical	9	0
non-clerics	1	0
non-clue	1	0
non-com	2	0
non-combatant	5	1
non-combustible	1	0
non-commercial	2	1
non-commissioned	7	1
non-committal	8	4
non-communist	1	0
non-competitor	2	0
non-compliance	2	1
non-compliant	1	2
non-conformist	14	66
non-conformists	2	9
non-consecutive	2	0
non-conservative	5	0
non-consumer	1	0
non-consummation	1	0
non-contributory	1	0
non-corresponding	1	0
non-court	1	0
non-critical	1	0
non-cryptic	1	0
non-cubist	1	0
non-custodial	1	0
non-data	1	0
non-daytime	1	0
non-democrat	2	0
non-democratic	2	0
non-digital	1	0
non-disclosure	2	0
non-discrimination	1	0
non-discriminatory	1	0
non-domestic	1	0
non-drinker	84	3
non-drinkers	13	0
non-drinking	7	0
non-driver	2	0
non-drivers	6	0
non-duck	1	0
non-eastern	2	0
non-ecological	1	0
non-edited	1	0
non-editorial	2	0
non-electronic	3	0
non-emergency	1	0
non-entity	1	15
non-equity	2	0
non-essential	2	0
non-establishment	1	0
non-euro	1	0
non-event	2	0
non-executive	3	0
non-existent	9	2
non-expert	4	0
non-experts	1	0
non-explicit	1	0
non-explosive	1	0
non-extremist	1	0
non-fake	1	0
non-fat	3	0
non-fatty	1	0
non-feeding	1	0
non-female	2	0
non-feminine	1	0
non-fiction	11	0
non-fictional	1	0
non-fighter	1	0
non-fire	2	0
non-firing	1	0
non-fishing	1	0
non-flier	4	0
non-fliers	5	0
non-flowering	3	0
non-flyer	3	0
non-flying	2	0
non-frontal	1	0
non-frozen	1	0
non-functional	1	0
non-functioning	1	0
non-fungible	1	1
non-gambler	1	0
non-genetically	1	0
non-genuine	1	0
non-gloss	1	0
non-government	1	0
non-governmental	7	0
non-grammatical	1	0
non-heinous	1	0
non-hereditary	1	0
non-heterosexual	1	0
non-home	1	0
non-human	3	0
non-illuminated	1	0
non-immigrants	1	0
non-imperial	2	0
non-independent	3	0
non-inflammable	1	0
non-intellectual	4	0
non-interference	2	0
non-internet	1	0
non-interventionist	1	0
non-invasive	1	0
non-judgmental	1	0
non-kosher	1	0
non-league	2	0
non-leftist	1	0
non-lethal	1	0
non-level	1	0
non-linear	0	2
non-liquid	1	0
non-local	2	0
non-magical	1	0
non-mains	1	0
non-mainstream	10	0
non-male	2	0
non-malignant	1	0
non-manual	1	0
non-masculine	2	0
non-matching	2	0
non-meat	4	1
non-medallist	1	0
non-medical	2	0
non-member	4	0
non-members	3	0
non-metallic	1	1
non-metric	3	0
non-metrical	2	0
non-military	1	1
non-minimal	1	0
non-ministerial	2	0
non-monarchy	1	0
non-monogamous	1	0
non-moral	1	0
non-musical	2	0
non-mystic	1	0
non-national	1	0
non-native	3	0
non-naturalistic	1	0
non-negotiable	5	0
non-nuclear	1	0
non-occupant	3	0
non-officer	1	0
non-onerous	1	0
non-opening	1	0
non-operational	1	0
non-orchestral	1	0
non-orthodox	2	0
non-parents	1	0
non-participant	1	0
non-partisan	1	0
non-passenger	1	0
non-patriots	1	0
non-pay	1	0
non-paying	1	0
non-payment	3	0
non-pedestrians	1	0
non-permanent	1	0
non-physical	2	0
non-playing	2	0
non-poetic	1	1
non-polluting	1	0
non-pommy	1	0
non-prickly	1	0
non-prime	1	0
non-pro	1	0
non-productive	1	0
non-professional	38	3
non-professionals	8	0
non-profit	3	1
non-qualifier	1	0
non-reactionary	1	0
non-reality	1	0
non-reciprocated	1	0
non-relativistic	1	0
non-religious	8	0
non-renewable	4	0
non-resident	10	0
non-residential	1	0
non-responsive	1	0
non-retired	1	0
non-returnable	3	0
non-revolutionary	3	0
non-rigid	3	0
non-ring	1	0
non-romantic	1	0
non-royal	2	0
non-runner	4	0
non-running	1	0
non-sailor	1	0
non-saint	1	0
non-scientific	1	0
non-scientist	2	0
non-scoring	1	0
non-sectarian	1	0
non-selective	1	0
non-sense	1	969
non-skaters	2	0
non-skyr	1	0
non-slip	2	1
non-smoker	18	0
non-smokers	1	0
non-smoking	2	0
non-soft	1	0
non-soldier	1	0
non-solid	1	0
non-sparkling	3	0
non-speaking	3	1
non-specialist	9	0
non-specialists	2	0
non-specific	13	1
non-specifically	1	0
non-sporty	1	0
non-standard	20	2
non-starter	71	1
non-starters	4	0
non-starting	2	0
non-stereo	1	0
non-stick	1	0
non-stop	64	12
non-straight	1	0
non-striker	6	0
non-striking	2	0
non-studio	2	0
non-subject	1	0
non-swimmer	1	0
non-task	1	0
non-technical	2	0
non-tenured	1	0
non-theoretical	2	0
non-threatening	1	0
non-touching	1	0
non-toxic	2	0
non-traditional	4	0
non-uniform	4	0
non-union	12	0
non-unionised	2	0
non-unionist	1	0
non-universal	2	0
non-university	2	0
non-upholstered	2	0
non-us	3	0
non-users	1	0
non-variable	1	0
non-vegan	1	0
non-vegetarian	5	0
non-veggie	1	0
non-verbal	3	0
non-verse	1	0
non-viable	1	0
non-vintage	3	0
non-violence	3	0
non-violent	7	1
non-violently	1	0
non-vital	1	0
non-vocal	1	0
non-voluntary	3	0
non-voting	1	0
non-westerly	1	0
non-western	9	0
non-white	1	0
non-whites	2	0
non-wizard	1	0
non-wizards	1	0
non-woody	1	0
non-work	1	0
non-worker	3	0
non-workers	1	0
non-working	3	0
non-zero	2	0
nor-ah	0	2
nor-folk	0	104
nor-ma	0	47
nor-mand	0	2
nor-semen	0	4
nor-ton	0	4
nor-vocal	1	0
nor-way	0	159
nor-wich	0	24
norm-and	0	2
north-ants	0	19
north-bound	2	76
north-country	1	0
north-east	120	65
north-easterly	1	0
north-eastern	46	20
north-easterner	1	0
north-eastward	1	0
north-facing	6	0
north-flowing	1	0
north-south	12	0
north-west	23	21
north-western	5	5
northern-style	2	0
nose-bleed	0	2
nose-dive	0	6
nose-diving	1	0
nose-job	1	0
nose-pegs	1	0
nose-rag	1	0
nosh-up	5	0
nostalgia-mongers	1	0
not-ables	1	4
not-half	7	0
not-re	0	8
not-ting	0	7
not-unknown	1	0
note-case	1	1
note-checker	1	0
note-grabbing	1	0
note-maker	1	0
note-pad	1	5
note-taker	1	0
note-taking	2	0
note-writer	2	0
novel-lo	0	5
novel-sounding	1	0
number-cruncher	3	0
number-crunching	1	0
number-one	2	0
nun-like	1	0
nursery-man	1	5
nursery-rhyme	2	0
nursing-home	1	0
nut-burying	1	0
nut-case	1	21
nut-cases	1	6
nut-covered	1	0
nut-cracker	1	11
nut-cracking	1	0
nut-eating	1	0
nut-producer	1	0
nut-related	1	0
nut-sac	1	0
nut-tree	4	0
nuts-free	1	0
ny-based	1	0
ny-bound	1	0
nymph-chaser	1	0
o-on	1	0
oak-fermented	1	0
oak-gnarled	1	0
oak-ham	0	2
oak-ley	0	6
oat-es	0	6
oat-pipes	1	0
oath-making	1	0
ob-an	0	7
ob-goblin	0	2
oba-ma	0	87
obese-sounding	2	0
obi-man	1	0
obi-wan	3	0
objectively-speaking	1	0
oboe-playing	1	0
oboe-shaped	1	0
obscure-sounding	2	0
occasionally-used	1	0
ocean-breeding	1	0
ocean-designed	1	0
ocean-going	8	1
od-die	0	6
od-er	0	6
od-in	0	9
odd-job	3	3
odd-jobber	4	1
odd-looking	9	0
oddly-laid	1	0
oddly-numbered	1	0
oddly-shaped	2	0
odds-on	6	0
odour-free	1	0
of-com	0	6
of-fa	0	4
of-industry	1	0
of-snow	1	0
of-sted	0	17
of-wat	0	2
off-balance	1	0
off-base	1	0
off-beam	1	0
off-beat	3	25
off-break	4	2
off-broadway	6	0
off-campus	1	0
off-centre	1	0
off-chance	1	0
off-colour	35	0
off-course	5	0
off-cutter	1	0
off-duty	3	0
off-green	1	0
off-grid	1	0
off-hand	2	30
off-key	17	0
off-licence	3	0
off-licences	1	0
off-limits	3	0
off-line	5	2
off-load	1	15
off-loads	1	1
off-peak	14	1
off-piste	2	0
off-pitch	1	0
off-putting	23	2
off-red	1	0
off-road	18	0
off-sales	1	0
off-screen	1	0
off-shore	5	55
off-side	5	19
off-site	2	0
off-spinner	1	0
off-stage	1	2
off-target	3	0
off-topic	3	0
off-track	2	0
off-white	19	0
offal-filled	1	0
office-bearer	1	0
office-holder	7	0
offput-ting	0	2
oft-failed	1	0
oft-repeated	4	0
oft-used	1	0
often-married	1	0
often-muddy	1	0
often-repeated	1	0
oh-io	0	142
oil-bearing	1	0
oil-can	1	3
oil-changer	1	0
oil-drillers	1	0
oil-field	0	5
oil-painted	1	0
oil-producer	3	0
oil-producing	9	0
oil-rich	3	0
oil-rig	1	0
oil-seed	1	1
oil-smeared	1	0
oil-spill	1	0
oil-steeped	1	0
oil-supplier	1	0
oil-tar	1	0
oil-tester	1	0
oil-well	2	0
oil-worker	1	1
old-based	1	0
old-fashioned	709	0
old-ham	0	10
old-hat	5	0
old-maidish	3	0
old-man	0	3
old-school	13	0
old-style	65	0
old-time	42	0
old-timer	22	0
old-timers	7	0
old-ups	1	0
old-womanish	1	0
old-world	2	0
om-aha	0	11
om-an	0	47
om-ani	0	22
om-ar	0	14
oma-ha	0	11
omelette-filler	1	0
on-air	8	0
on-board	11	21
on-coach	1	0
on-course	1	0
on-edge	1	0
on-field	3	1
on-gar	0	3
on-going	6	43
on-line	102	822
on-message	1	0
on-off	8	0
on-screen	25	4
on-set	1	424
on-site	3	0
on-stage	2	5
on-stream	1	0
on-street	1	0
on-target	2	0
on-topic	1	0
on-trend	2	0
once-called	1	0
once-famous	1	0
once-great	1	0
once-healthy	2	0
once-honoured	1	0
once-massive	1	0
once-over	9	0
once-powerful	1	0
once-revered	2	0
once-trendy	2	0
once-yearly	1	0
one-act	1	0
one-age	1	0
one-all	3	0
one-armed	5	0
one-cent	1	0
one-day	7	0
one-dimensional	13	0
one-dollar	1	0
one-eighty	1	0
one-eleven	1	0
one-ended	1	0
one-eyed	5	0
one-fifth	1	0
one-fifty	3	0
one-footer	1	0
one-gin	0	7
one-handed	2	0
one-horn	1	0
one-horse	4	0
one-hour	1	0
one-kilogram	1	0
one-legged	7	0
one-line	2	0
one-liner	5	0
one-liners	1	0
one-litre	1	0
one-man	6	0
one-month	1	0
one-night	8	0
one-nil	12	0
one-note	1	1
one-off	36	0
one-one	1	0
one-paced	1	0
one-page	1	0
one-party	4	0
one-penny	2	0
one-pic	1	0
one-piece	20	0
one-ply	1	0
one-pound	4	0
one-quarter	1	0
one-room	1	0
one-roomed	1	0
one-seater	1	0
one-sided	39	0
one-stamened	1	0
one-star	3	0
one-step	2	0
one-stop	1	0
one-storey	1	0
one-syllable	1	0
one-third	20	0
one-time	176	1
one-touch	1	0
one-track	2	0
one-trick	1	0
one-two	5	0
one-upmanship	1	0
one-way	11	0
one-wheeled	1	0
one-woman	1	0
one-zero	2	0
onion-like	2	0
onion-sellers	1	0
only-fans	0	3
oo-er	1	0
oo-oo	0	2
ooh-er	1	0
op-ed	5	1
op-el	0	12
op-rah	0	20
open-access	1	0
open-air	44	0
open-armed	2	0
open-ended	7	0
open-handedness	2	0
open-hearted	1	0
open-minded	10	0
open-mindedness	8	0
open-mouthed	24	0
open-neck	1	0
open-plan	4	0
open-sided	1	0
open-toed	2	0
open-top	9	0
open-topped	4	0
open-weave	2	0
openly-expressed	1	0
opera-goers	2	0
opera-house	1	0
opera-singer	3	0
opinion-influencer	1	0
opinion-makers	1	0
opinion-seeker	1	0
opium-eater	1	0
opposition-style	1	0
opt-out	1	0
or-an	0	2
or-as	0	2
or-bison	0	18
or-ion	0	7
or-ita	0	11
or-itas	0	4
or-red	0	2
or-son	0	5
or-ton	0	7
or-well	0	56
orange-brown	1	0
orange-coloured	1	0
orange-man	0	6
orange-pink	3	0
orange-red	2	0
orange-scented	1	0
orange-seller	1	0
orange-yellow	4	0
orangey-pink	2	0
orangey-red	1	0
orangey-yellow	2	0
ordinary-looking	1	0
ore-gon	0	66
ore-washer	1	0
ores-tes	0	3
organ-builder	1	0
organ-grinder	1	0
organ-like	1	0
organ-making	1	0
organ-warmers	1	0
oriental-sounding	1	0
oriental-style	2	0
ort-on	0	7
os-age	0	3
os-aka	0	10
os-borne	0	27
os-bourne	0	2
os-cars	0	50
os-iris	0	3
os-lo	0	47
os-man	0	5
os-sett	0	2
os-si	0	2
os-wald	0	12
oscar-holding	1	0
oscar-nominated	1	0
oscar-receiving	1	0
oscar-winner	3	0
oscar-winning	17	0
ostrich-like	3	0
other-wise	1	487
other-worldly	6	12
otter-den	0	4
otto-man	0	54
otto-mans	0	3
ou-standing	0	2
ous-es	0	2
out-door	1	165
out-drank	1	0
out-earn	1	0
out-going	1	60
out-like	1	0
out-manoeuvred	1	0
out-of	1	0
out-stare	1	0
out-ta	0	7
out-take	1	0
out-tray	4	0
outing-organiser	1	0
outlandish-sounding	1	0
outside-halves	1	0
outside-left	1	0
outward-looking	2	0
oval-shaped	1	0
oven-baked	3	0
oven-cooked	4	0
oven-glazed	1	0
oven-like	1	0
oven-ready	5	0
over-acknowledge	1	0
over-active	1	5
over-age	1	0
over-amorous	1	0
over-anxious	2	1
over-attached	1	0
over-attention	1	0
over-butter	1	0
over-coddling	1	0
over-committed	0	2
over-complacent	1	0
over-complicated	2	0
over-concerned	1	1
over-confidence	2	5
over-confident	4	4
over-cook	1	7
over-curious	1	0
over-decorated	2	0
over-developed	2	1
over-diluted	1	0
over-disposed	2	0
over-eager	2	1
over-eating	1	5
over-effusive	2	0
over-egg	1	0
over-eighteen	1	0
over-elaborate	4	0
over-elegant	1	0
over-embarrassed	1	0
over-embellished	1	0
over-emotional	2	5
over-emphasise	1	0
over-energetic	1	0
over-enthusiastic	0	5
over-excited	14	18
over-exert	1	1
over-exploiting	1	0
over-exposed	1	0
over-exposure	2	5
over-extended	1	0
over-extravagant	2	0
over-familiar	6	3
over-fifties	1	0
over-foot	1	0
over-free	1	1
over-fussy	2	3
over-generous	1	0
over-godly	1	0
over-gratify	1	0
over-green	1	0
over-groomed	1	0
over-hasty	9	5
over-imbibed	1	0
over-imbibing	1	0
over-inclined	1	0
over-increased	1	0
over-indulged	1	2
over-indulgence	3	22
over-indulgent	1	4
over-indulger	1	0
over-indulging	2	5
over-inflated	1	0
over-inquisitive	1	0
over-involved	1	1
over-large	2	2
over-legal	1	0
over-lenient	1	0
over-load	1	7
over-long	1	6
over-loud	1	0
over-miserable	1	0
over-optimism	2	0
over-optimistic	4	0
over-ornate	1	0
over-ostentatious	1	0
over-particular	2	1
over-performing	1	0
over-populated	1	2
over-pretty	1	0
over-prolific	1	0
over-promoted	3	1
over-promotion	1	1
over-protective	2	8
over-protects	1	1
over-publicising	1	0
over-reactive	1	0
over-refined	1	0
over-refinement	1	0
over-regulator	1	0
over-representation	1	0
over-scrupulous	1	0
over-sensitive	3	4
over-sentimental	7	3
over-sentimentality	1	0
over-showy	1	0
over-simply	1	0
over-sized	1	17
over-sleeps	1	2
over-smart	2	0
over-stimulated	0	2
over-stocking	1	0
over-stuff	1	1
over-subtle	3	1
over-supplied	1	1
over-tasked	1	0
over-the	1	0
over-theatrical	2	0
over-time	1	39
over-use	2	3
over-valued	1	0
over-zealous	3	7
overly-complicated	1	0
overly-excited	1	0
overly-fussy	1	0
overly-optimistic	1	0
ow-en	0	22
ow-ens	0	2
owl-haters	1	0
owl-like	1	0
own-brand	1	0
own-label	1	0
owner-occupied	1	0
owner-occupier	3	0
owner-occupiers	1	0
ox-bow	1	2
ox-bridge	0	56
ox-eye	1	0
ox-eyes	1	0
ox-fam	0	8
ox-ford	0	707
ox-on	0	7
ox-tongue	1	0
ox-wagons	1	0
oxygen-dead	1	0
oxygen-depleted	2	0
oxygen-deprived	1	0
oxygen-enriched	4	0
oxygen-filled	1	0
oxygen-free	1	0
oxygen-fuelled	2	0
oxygen-inflated	1	0
oxygen-resistant	1	0
oxygen-rich	1	0
oxygen-supplying	1	0
oyster-catcher	0	2
pa-dua	0	4
pa-lin	0	27
pa-mela	0	5
pa-phos	0	2
pa-so	0	3
pa-tel	0	12
pa-than	0	2
pa-ye	0	2
pace-egg	1	0
pace-man	0	3
pack-animal	1	0
pack-leader	1	0
packing-case	1	0
packing-cases	2	0
packing-ring	1	0
padding-ton	0	80
paddle-boat	0	3
paddy-driven	1	0
page-boy	0	8
page-three	2	0
page-turner	1	1
page-turners	1	0
page-turning	1	0
paid-up	1	0
pain-free	1	0
pain-killer	2	51
pain-killers	1	8
pain-racked	1	0
pain-reliever	2	0
paint-brush	0	6
paint-making	2	0
paint-roller	1	0
pal-grave	0	2
pal-in	0	27
pal-ma	0	3
pal-mas	0	2
pal-trow	0	3
pale-coloured	8	0
pale-faced	2	0
pale-green	1	0
pale-hued	1	0
pale-looking	7	0
pale-skinned	1	0
paler-mo	0	17
pales-tine	0	15
pall-bearers	1	0
palm-as	0	2
palm-grease	2	0
palm-greasing	1	0
palm-reader	1	0
palm-tree	1	0
pan-fried	1	0
pan-pipes	1	0
pan-style	1	0
pancake-maker	1	0
panel-fastening	1	0
panel-truck	1	0
panic-monger	1	0
panic-stricken	8	0
pant-front	1	0
pap-hos	0	2
papaya-laden	1	0
paper-chase	1	1
paper-clip	1	2
paper-knife	0	2
paper-maker	1	0
paper-round	1	0
paper-thin	1	0
paper-wrapped	1	0
par-is	0	1384
par-ma	0	5
par-see	0	4
par-tick	0	2
para-military	1	17
para-quat	0	2
pared-down	2	0
parent-is	0	3
parent-led	1	0
parent-teacher	3	0
park-goers	1	0
park-hurst	0	6
park-keeper	9	0
parking-free	1	0
parrot-eating	1	0
parrot-fashion	2	0
parrot-fish	1	0
parrot-like	1	0
pars-ee	0	4
part-commander	1	0
part-design	1	0
part-dried	1	0
part-emptied	2	0
part-exchange	6	0
part-exchanged	1	0
part-ick	0	2
part-month	1	0
part-own	1	0
part-owner	1	0
part-payment	6	0
part-player	1	0
part-song	5	0
part-sozzled	1	0
part-submarine	1	0
part-synthetic	1	0
part-time	62	0
part-timer	11	0
part-timers	9	0
part-toed	1	0
part-used	1	0
part-way	7	4
partially-sighted	1	0
partner-swapping	1	0
partridge-like	1	0
party-backed	1	0
party-gate	0	4
party-giver	6	0
party-givers	2	0
party-goer	12	32
party-goers	6	27
party-leading	1	0
party-man	1	0
party-thrower	1	0
party-worker	1	0
pas-quale	0	31
pass-books	0	2
pass-code	0	2
pass-over	0	10
passage-boat	1	0
passenger-carrier	1	0
passenger-carrying	3	0
passenger-free	1	0
passenger-ship	1	0
passer-by	3	0
passer-on	1	0
passing-out	3	0
passion-filled	1	0
passion-fruit	1	0
past-it	1	0
paste-ur	0	12
pastry-case	1	0
pastry-dish	1	0
pasture-land	1	5
pasture-lands	1	1
pasty-eating	1	0
pasty-faced	5	0
pasty-looking	1	0
pat-el	0	12
pat-han	0	2
pat-na	0	2
pat-ras	0	5
pat-ria	0	2
pat-ton	0	2
patch-up	1	0
patched-up	3	0
patent-holder	1	0
path-an	0	2
patrol-car	1	0
pattern-maker	1	0
pattern-making	1	0
paving-stone	1	0
paw-print	1	0
pax-man	0	2
pax-ton	0	2
pay-back	0	12
pay-cuts	2	0
pay-day	1	0
pay-desk	1	0
pay-load	0	4
pay-ne	0	2
pay-off	11	8
pay-out	8	10
pay-outs	1	3
pay-phone	1	1
pay-rise	1	0
pay-roll	0	9
pay-slip	0	2
pays-lip	0	2
pea-green	5	0
pea-plant	1	0
peace-keeper	1	11
peace-keepers	5	207
peace-keeping	1	22
peace-lover	3	0
peace-lovers	1	0
peace-loving	3	0
peace-making	4	7
peace-mongering	1	0
peace-time	1	4
peaceful-sounding	1	0
peach-like	1	0
peaches-like	1	0
peanut-based	2	0
pear-shaped	23	0
pear-tree	1	0
pearl-adorned	1	0
pearl-fisher	2	0
pearl-seeker	1	0
pease-porridge	1	0
peat-cutter	1	0
peat-cutters	1	0
pebble-dash	0	3
pebble-dashed	1	0
pebble-dasher	1	0
pebble-strewn	1	0
pebbled-ash	0	3
peck-ham	0	8
peck-picker	1	0
peck-sniff	0	5
pecks-niff	0	5
pedestrian-style	1	0
pee-hole	1	0
pee-pee	2	0
peelie-wally	1	0
peep-show	0	3
peep-shows	1	0
peeps-how	0	3
peer-like	1	0
peg-legged	3	0
pell-mell	1	0
pelt-monger	1	0
pembroke-shire	0	3
pembrokes-hire	0	3
pen-elope	0	21
pen-friend	1	2
pen-name	3	0
pen-nines	0	8
pen-pal	2	2
pen-pusher	2	1
pen-pushers	1	0
pen-style	1	0
pen-supplier	1	0
pen-tip	1	0
pen-ultimately	0	2
pencil-set	1	0
pencil-sharpener	2	0
pene-lope	0	21
pennant-like	1	0
penniless-sounding	1	0
penny-drop	1	0
penny-dropping	1	0
penny-farthing	7	0
penny-pinch	1	0
penny-pincher	7	0
penny-pinching	25	0
penny-royal	1	0
penny-wise	1	1
pent-up	9	0
penthouse-style	2	0
people-carrier	5	0
pep-pa	0	2
pep-si	0	11
per-cent	2	26
per-haps	1	16282
per-nod	0	11
per-on	0	22
per-rin	0	4
per-rins	0	3
per-twee	0	2
percentage-wise	1	0
performance-enhancer	1	0
performance-enhancing	5	0
perimeter-fence	1	0
perm-lover	1	0
pern-od	0	11
perse-id	0	2
perse-phone	0	5
personal-hygiene	1	0
pert-wee	0	2
pest-on	0	2
pet-lovers	1	0
pet-owner	1	0
pet-shop	1	0
pet-sit	1	0
pet-sitting	1	0
pet-wash	1	0
peter-borough	1	6
peter-head	0	2
peter-house	0	3
peter-lee	0	2
peter-loo	0	2
peters-burg	0	10
petrol-based	1	0
petrol-filled	1	0
petrol-head	1	4
phallus-shaped	1	0
phallus-wise	1	0
phi-lip	0	58
philosopher-king	1	0
phone-box	1	2
phone-boxes	0	2
phone-call	1	0
phone-in	6	0
phone-tapping	1	0
phoned-in	1	0
phosphorus-abundant	1	0
phosphorus-containing	1	0
phosphorus-free	3	0
photo-fixer	1	0
photo-op	1	0
photo-sharing	2	0
photo-shop	0	5
photo-shopped	0	3
photos-hop	0	5
photos-hopped	0	3
physio-therapy	1	1
pi-card	0	2
pi-cardy	0	5
pi-late	0	2
pi-meson	1	0
pi-not	0	19
pi-san	0	2
pi-us	0	3
pianist-politician	1	0
piano-maker	1	0
piano-playing	1	0
pic-ard	0	2
pic-taking	1	0
picas-so	0	58
pick-ford	0	2
pick-pocket	0	49
pick-pockets	1	15
pick-up	49	8
pick-ups	3	1
pick-wick	0	11
picking-up	5	0
pickle-filled	1	0
pickle-fork	1	0
pickle-making	1	0
picnic-goer	1	0
picture-framer	1	0
picture-house	2	1
picture-houses	1	0
picture-maker	3	0
picture-makers	1	0
picture-making	3	0
picture-sharing	1	0
picture-taker	1	0
picture-theatre	1	0
pie-cooking	1	0
pie-eyed	4	0
pie-filling	1	0
pie-lady	1	0
pie-maker	1	0
pie-tin	1	0
piece-work	2	5
pier-re	0	33
pierrot-like	1	0
pig-buyer	1	0
pig-farmer	1	0
pig-food	1	0
pig-headed	16	0
pig-ignorance	1	0
pig-lad	1	0
pig-like	3	1
pig-meat	1	3
pig-pen	1	12
pig-shooting	1	0
pig-sty	1	9
pig-tail	1	5
pigeon-holed	1	2
piggy-wig	3	0
pila-te	0	2
pila-tes	0	8
pile-driver	1	1
pile-drivers	1	0
pile-driving	1	0
pile-up	12	0
piled-up	2	0
pill-box	0	10
pill-popping	2	0
pillion-riding	1	0
pillow-fight	1	0
pillow-talk	2	0
pin-extender	1	0
pin-gu	0	3
pin-striped	0	2
pin-up	43	0
pin-ups	5	0
pincer-like	1	0
pinch-hit	1	0
pinch-hitter	1	0
pine-tree	1	0
pine-wood	0	2
ping-pong	5	0
pink-eye	0	2
pink-hued	1	0
pinker-ton	0	6
pinkish-red	2	0
pinkish-yellow	1	0
pinky-purple	1	0
pint-er	0	61
pint-puller	1	0
pint-size	1	1
pint-sized	10	0
pious-free	1	0
pipe-cleaner	1	0
pipe-cleaners	1	0
pipe-inspecting	1	0
pipe-shaped	1	0
pipe-smoking	1	0
pipe-work	1	6
piri-piri	2	0
pis-an	0	2
pis-sed	0	239
pis-sing	0	5
pis-spoor	0	56
pis-spot	0	4
pistol-case	1	0
pistol-whipped	1	0
pistol-whipping	1	0
pit-coal	1	0
pit-head	1	8
pit-prop	1	0
pit-worker	1	0
pitch-black	1	0
pitter-patter	1	0
pix-ar	0	16
plague-ridden	1	0
plain-chant	0	7
plain-clothes	6	8
plain-dweller	1	0
plain-living	2	0
plain-sounding	1	0
plain-speaking	5	0
plain-spoken	8	0
planet-beater	1	0
plankton-eater	1	0
plant-based	9	0
plant-eater	2	0
plant-fancier	1	0
plant-feeding	1	0
plant-holder	2	0
plant-holders	1	0
plant-like	2	0
plant-sucking	1	0
planta-genet	0	9
plantage-net	0	9
plaster-work	1	4
plastic-free	1	0
plate-layers	1	1
platinum-coated	1	0
platinum-selling	1	0
plausible-sounding	1	0
play-act	3	0
play-acted	1	0
play-acting	2	0
play-actor	1	0
play-actors	1	0
play-boy	1	94
play-goer	1	3
play-in	0	5
play-list	0	3
play-maker	3	27
play-mate	1	5
play-off	5	0
play-pen	0	2
play-pens	1	1
play-station	0	2
playing-cards	2	0
playing-field	4	0
plaza-toro	1	0
pleasant-looking	1	0
pleasant-smelling	2	0
pleasant-sounding	4	0
pleasant-tasting	2	0
pleasure-boat	1	0
pleasure-seeker	24	0
pleasure-seekers	2	0
pleasure-seeking	17	0
pleb-like	1	0
plot-based	1	0
plough-boy	1	0
plough-jogger	1	0
plug-in	4	0
plug-ins	1	0
plus-fours	1	0
plus-one	1	0
plus-size	1	0
ply-mouth	0	30
po-faced	7	0
po-gues	0	2
po-ins	0	20
po-land	0	60
po-ole	0	10
po-pish	0	3
po-well	0	10
pocket-book	0	2
pocket-size	1	0
pocket-sized	1	0
pod-bearing	1	0
poet-composer	1	0
poet-parson	1	0
poet-physician	1	0
poetry-writing	1	0
poi-rot	0	47
poi-tiers	0	3
point-blank	2	0
point-scorer	1	0
point-scoring	1	0
pointy-headed	2	0
pois-son	0	2
poison-free	1	0
poker-faced	12	0
poker-players	1	0
polar-is	0	8
pole-axed	0	2
pole-dancer	1	0
pole-dancing	1	0
pole-vaulter	2	0
policy-maker	3	1
policy-making	1	0
politically-motivated	1	0
politician-speak	1	0
poll-oi	0	14
poll-related	1	0
poll-watcher	1	0
polling-station	1	0
pollution-causing	1	0
pollution-free	1	0
polly-anna	0	3
polo-based	1	0
pond-dweller	3	0
pond-dwellers	1	0
pond-life	4	0
pond-skater	1	0
ponty-pool	0	2
pony-tail	1	7
poo-na	0	2
poo-per	0	2
pooh-pooh	3	0
pooh-poohs	1	0
pooh-sticks	0	3
poohs-ticks	0	3
pool-based	1	0
poop-er	0	2
poor-quality	20	0
poor-sounding	2	0
poorly-clad	1	0
poorly-dressed	1	0
poorly-fed	2	0
poorly-formed	1	0
poorly-lit	3	0
poorly-mounted	1	0
poorly-paid	2	0
poorly-rated	2	0
poorly-translated	1	0
poorly-ventilated	1	0
poorly-voiced	1	0
poot-er	0	8
pop-art	2	0
pop-eye	0	19
pop-group	1	0
pop-gun	0	2
pop-ish	0	3
pop-metal	1	0
pop-out	1	0
pop-pins	0	8
pop-singer	1	0
pop-star	1	3
pop-tarts	1	0
pop-up	10	0
pop-ups	1	0
pope-supporting	1	0
pope-ye	0	19
pops-tar	0	3
por-to	0	8
pork-pie	10	1
porridge-maker	5	0
port-aloo	0	3
port-but	1	0
port-holes	2	2
port-hos	0	2
port-noy	0	2
port-soaked	1	0
porta-loo	0	3
portal-oo	0	3
portrait-painter	1	0
ports-mouth	0	32
posh-sounding	3	0
position-ally	0	3
position-finding	1	0
position-swapping	1	0
post-apocalyptic	1	0
post-bag	0	3
post-balneal	1	0
post-box	0	2
post-catastrophe	1	0
post-coital	3	0
post-conceptual	1	0
post-conflict	1	0
post-conviction	1	0
post-creation	1	0
post-crime	1	0
post-daylight	1	0
post-death	1	0
post-defeat	1	0
post-dessert	1	0
post-diet	1	0
post-doc	0	4
post-drug	1	0
post-exercise	1	0
post-exorcism	1	0
post-expressionist	1	0
post-fashionable	1	0
post-festival	1	0
post-fifties	1	0
post-flight	1	0
post-free	1	0
post-glacial	1	0
post-grad	1	12
post-grads	0	2
post-graduate	2	27
post-graduates	0	4
post-haste	1	2
post-hermaphrodite	1	0
post-historical	1	0
post-holder	5	7
post-holders	0	2
post-holiday	1	0
post-imperial	1	0
post-impressionist	1	1
post-inaugural	1	0
post-it	3	0
post-kiss	1	0
post-lunch	3	0
post-match	9	0
post-menopausal	1	1
post-modern	2	2
post-natal	1	1
post-nuclear	1	0
post-offices	1	0
post-op	1	0
post-operation	1	0
post-operative	4	0
post-partition	1	0
post-prandial	2	11
post-punk	4	0
post-ready	1	0
post-referendum	1	0
post-reformation	2	0
post-rehabilitation	1	0
post-renaissance	1	0
post-reshuffle	1	0
post-restructure	1	0
post-retirement	1	0
post-revolution	3	0
post-roast	1	0
post-school	1	0
post-season	1	0
post-soviet	1	0
post-split	1	0
post-summit	1	0
post-surgery	1	0
post-treading	1	0
post-viral	1	0
post-war	29	12
post-watershed	1	0
post-winter	1	0
post-work	2	0
poster-writer	1	0
pot-bellied	4	0
pot-boiler	0	9
pot-boilers	0	2
pot-head	1	12
pot-holder	1	0
pot-holes	1	5
pot-luck	1	0
pot-us	0	26
potassium-bearing	1	0
potassium-free	1	0
potassium-laced	1	0
potato-based	1	0
potato-pickers	1	0
potenti-ality	1	1
pots-dam	0	5
pottage-dealer	1	0
pottery-making	1	0
potty-trains	1	0
pouch-like	1	1
poultry-farm	1	0
pound-off	1	0
poverty-stricken	8	0
pow-ell	0	10
pow-wow	2	7
power-assisted	2	0
power-booster	1	0
power-crazed	3	0
power-crazy	1	0
power-creating	1	0
power-cut	1	0
power-dressed	1	0
power-driven	9	0
power-grabbing	2	0
power-house	0	4
power-hungry	5	0
power-mad	2	0
power-point	0	6
power-sharer	1	0
power-sharing	5	0
power-steers	1	0
power-workers	1	0
prairie-dwellers	1	0
prairie-dwelling	1	0
prayer-book	1	0
prayer-leaders	1	0
prayer-meeting	1	0
pre-adolescent	3	0
pre-alarm	1	0
pre-analytically	1	0
pre-arranged	1	8
pre-blended	1	0
pre-christian	8	0
pre-congress	1	0
pre-cook	1	0
pre-cooked	4	3
pre-cuts	1	0
pre-date	1	3
pre-death	1	0
pre-decimal	4	0
pre-development	1	0
pre-digital	1	0
pre-dinner	5	0
pre-divorce	2	0
pre-easter	3	0
pre-election	2	0
pre-elocution	1	0
pre-eminence	1	0
pre-eminent	25	0
pre-eminently	1	0
pre-empire	1	0
pre-entrance	1	0
pre-erotic	1	0
pre-euro	10	0
pre-euros	1	0
pre-exam	1	0
pre-fifties	1	0
pre-fight	1	0
pre-flood	1	0
pre-great	1	0
pre-hibernation	1	0
pre-hunt	1	0
pre-industrial	1	0
pre-irons	1	0
pre-launch	1	0
pre-lent	1	0
pre-loved	1	0
pre-lunch	2	0
pre-marital	1	1
pre-match	20	1
pre-meal	1	0
pre-med	2	0
pre-mi	0	3
pre-middle	1	0
pre-midnight	1	0
pre-modern	1	0
pre-mot	1	0
pre-nap	1	0
pre-natal	3	3
pre-noon	4	0
pre-nup	3	2
pre-nuptial	2	5
pre-op	2	0
pre-owned	2	0
pre-packaged	1	0
pre-paid	1	3
pre-panto	1	0
pre-pared	1	1612
pre-piper	1	0
pre-planned	1	1
pre-pouch	1	0
pre-prandial	1	5
pre-prepared	3	0
pre-printed	2	0
pre-privatisation	1	0
pre-programme	1	0
pre-publicity	1	0
pre-purchase	1	0
pre-qualified	1	0
pre-race	1	0
pre-rainbow	1	0
pre-record	1	0
pre-recorded	1	1
pre-recording	1	0
pre-release	1	0
pre-renaissance	1	0
pre-rest	1	0
pre-roman	2	0
pre-salted	1	0
pre-school	2	2
pre-season	2	0
pre-senescent	1	0
pre-set	3	7
pre-sley	0	13
pre-spring	1	0
pre-stage	3	0
pre-stereo	1	0
pre-strike	1	0
pre-tax	1	0
pre-teen	1	1
pre-test	1	0
pre-trial	1	0
pre-twentyish	1	0
pre-union	2	0
pre-vin	0	2
pre-war	5	4
pre-watershed	1	0
pre-wedding	2	0
pre-wireless	1	0
precedent-setter	1	0
precious-ish	1	0
prescription-based	1	0
prescription-free	1	0
present-day	23	0
president-elect	1	0
press-gang	1	0
press-ganged	1	0
press-ganging	1	0
press-speak	1	0
press-ups	1	0
pressure-formed	1	0
pressure-lowering	1	0
pressure-relieving	1	0
prest-on	0	15
prest-wick	0	2
pretty-looking	1	0
pretty-pretty	1	0
price-fixers	1	0
price-fixing	2	0
price-increase	1	0
price-tag	2	0
prick-like	1	0
priest-king	1	0
priest-ley	0	5
priest-like	2	0
prim-ark	0	4
primate-catcher	1	0
prime-ministerial	1	0
prime-time	3	0
prince-ton	0	12
print-making	1	0
print-out	2	9
print-run	1	0
printing-house	1	0
prison-camp	1	0
prison-cell	1	0
prison-guard	1	0
prison-style	1	0
private-sounding	1	0
privilege-holder	1	0
prize-fighter	0	6
prize-fighters	1	0
prize-giver	8	2
prize-money	1	0
prize-winner	9	8
prize-winners	0	3
prize-winning	13	1
pro-acceptance	1	0
pro-alien	1	0
pro-am	2	0
pro-beer	1	0
pro-centralising	1	0
pro-change	1	0
pro-cheese	1	0
pro-conflict	1	0
pro-conservative	1	0
pro-democrat	2	0
pro-environment	1	0
pro-establishment	1	0
pro-government	2	0
pro-hunt	1	0
pro-labour	1	0
pro-life	2	0
pro-reform	1	0
pro-remain	2	0
pro-revolutionary	3	0
pro-right	1	0
pro-science	1	0
pro-secco	0	10
pro-venus	1	0
pro-women	1	0
problem-free	1	0
problem-solver	1	0
problem-solving	9	0
proboscis-owner	1	0
profit-maker	1	0
profit-producing	1	0
profit-seeker	2	0
profit-sharing	1	0
profit-sheet	1	0
profits-led	1	0
prog-rock	2	0
progress-checker	1	0
prohibition-buster	3	0
promise-breaker	1	0
proof-corrector	1	0
proof-reader	1	8
proof-reading	0	2
proper-sounding	1	0
property-transfer	1	0
pros-ecco	0	10
protein-building	1	0
protein-rich	9	0
pseudo-analysed	1	0
pseudo-french	1	0
pseudo-galena	1	0
pseudo-intellectual	1	0
pseudo-irony	1	0
pseudo-lingo	1	0
pseudo-medievalist	1	0
pseudo-military	1	0
pseudo-religious	1	0
pseudo-sane	1	0
pseudo-science	2	2
pseudo-scientist	0	3
pseudo-technical	1	0
pub-crawl	3	0
pub-crawling	1	0
pub-free	1	0
pub-goer	1	0
pub-goers	1	0
pub-restaurant	1	0
pub-theatre	1	0
public-spirited	1	0
publicity-seeker	1	0
publicity-seeking	2	0
publicity-shy	1	0
publicly-funded	1	0
pudding-head	1	0
puer-to	0	19
puff-puff	3	0
puff-puffs	1	0
puffed-up	6	0
pug-in	0	3
pull-in	1	2
pull-ins	1	0
pull-man	0	12
pull-out	2	0
pull-outs	1	0
pull-up	2	0
pulled-up	1	0
pump-action	1	0
pumped-up	2	0
pun-jab	0	5
punc-tuating	1	3
punch-drunk	2	0
punch-line	0	2
punch-lines	0	2
punch-up	20	0
punch-ups	1	0
pungent-leaved	1	0
pungent-smelling	1	0
pupil-centred	1	0
pupil-he	1	0
puppy-dogs	1	0
pur-cell	0	12
pur-dey	0	3
pure-bred	1	0
purplish-pink	3	0
purplish-red	1	0
purply-red	1	0
purpose-built	5	0
pus-hover	0	11
push-back	0	4
push-bike	1	1
push-button	1	0
push-chair	1	6
push-kin	0	5
push-over	1	11
push-up	1	0
pushed-aside	1	0
pussy-cat	2	17
pussy-grabbing	1	0
pussy-whipped	2	0
put-down	8	2
put-downs	1	0
put-in	0	123
put-ney	0	3
put-tin	0	5
put-together	1	0
put-up	18	0
put-upon	4	0
putt-in	0	5
puzzle-maker	1	0
puzzle-no	1	0
puzzle-solving	1	0
py-ramus	0	5
py-rex	0	2
pyrene-an	0	7
pyrene-es	0	14
qat-ar	0	32
qat-aris	0	3
quad-emphasising	1	0
quality-assured	1	0
quarter-back	1	2
quarter-deck	3	18
quarter-final	4	0
quarter-finalists	1	0
quarter-finals	1	0
quarter-horse	1	0
quarter-pint	1	0
quarter-pound	1	0
quarter-pounder	1	0
quarter-second	1	0
quarter-sections	1	0
quartermaster-sergeant	1	0
quasi-act	1	0
quasi-autonomous	2	0
quasi-elliptical	1	0
quasi-gender	1	0
quasi-military	2	0
quasi-poverty	1	0
quasi-stellar	1	0
que-ene	0	6
queen-like	2	0
queen-sized	1	0
queens-berry	0	3
queens-land	0	11
queer-headed	1	0
queer-looking	1	0
question-avoiding	1	0
question-dodging	1	0
question-master	1	0
queue-jumping	1	0
quick-change	1	0
quick-fire	3	1
quick-fit	1	0
quick-flowing	1	0
quick-ish	0	2
quick-moving	5	0
quick-tempered	3	0
quick-thinking	2	0
quick-witted	12	0
quickly-fried	1	0
quid-ditch	0	7
quiddit-ch	0	7
quiet-spoken	1	0
quill-er	0	2
quilt-maker	1	0
quint-essentially	0	7
quip-tic	0	5
quiz-master	0	7
ra-ra	3	2
rabbit-like	1	0
rabble-rouser	8	0
rabble-rousers	1	0
rabble-rousing	30	0
raccoon-like	6	0
race-built	1	0
race-car	1	0
race-meeting	1	0
race-meetings	1	0
race-track	1	27
race-winner	1	0
rach-el	0	47
rach-man	0	3
racing-car	1	0
racing-dog	1	0
racket-maker	2	0
racket-wielder	1	0
radiation-proof	1	0
radio-controlled	2	0
radio-head	0	7
radio-operator	1	0
radio-telephony	2	0
radium-enriched	1	0
rag-ends	1	0
rag-in	0	2
rag-tag	1	5
rag-trader	1	0
rage-filled	2	0
ragged-trousered	1	0
rai-son	0	6
rail-car	1	3
rail-destroyer	1	0
rail-flight	1	0
rail-like	1	0
rail-touring	1	0
rail-track	0	3
rail-user	1	0
rain-affected	3	0
rain-bearing	1	0
rain-bound	1	0
rain-cap	1	0
rain-cloud	3	1
rain-cover	1	0
rain-drop	1	1
rain-forest	0	19
rain-free	1	0
rain-god	1	0
rain-hit	1	0
rain-maker	1	1
rain-makers	1	0
rain-sodden	1	0
rain-swept	1	1
rain-water	0	5
rainbow-coloured	2	0
raj-an	0	2
rajas-than	0	5
rake-head	1	0
rake-off	1	0
rally-driving	1	0
rallying-point	1	0
ram-bo	0	19
ram-eau	0	9
ram-raid	2	0
ram-raider	3	0
ram-say	0	16
ram-sey	0	6
rams-ay	0	16
rams-den	0	3
rams-gate	0	6
ran-goon	0	5
ran-kin	0	4
ran-some	0	8
ranch-hand	1	0
rang-oon	0	5
range-bound	1	0
range-cooked	1	0
rank-in	0	4
rant-zen	0	4
rare-ish	1	0
rarely-seen	1	0
ras-hid	0	3
ras-ta	0	10
rash-ford	0	5
rash-id	0	3
raspy-sounding	1	0
rat-catcher	5	0
rat-hole	1	5
rat-infested	3	0
rat-like	2	0
rat-run	2	0
rat-slayer	1	0
rath-ole	0	5
rattle-trap	0	2
raucous-sounding	2	0
rave-up	14	0
rave-ups	1	0
raven-keeper	1	0
raw-boned	1	0
ray-bans	2	0
ray-burst	1	0
ray-gun	2	2
razor-like	1	0
razor-man	1	0
razor-sharp	2	0
razzle-dazzle	1	0
re-activated	1	0
re-admitted	1	0
re-allocated	1	6
re-animated	1	6
re-appears	1	2
re-applying	1	0
re-approve	1	0
re-arrange	1	38
re-arranged	4	160
re-arrest	1	5
re-assigned	1	11
re-assignment	1	13
re-attached	2	1
re-attempt	1	0
re-attempted	1	0
re-bekah	0	5
re-blocked	1	0
re-bottled	1	0
re-built	3	315
re-called	1	1530
re-christening	1	0
re-composition	1	0
re-configuration	0	2
re-configure	0	3
re-configured	0	15
re-configuring	0	2
re-cooked	1	1
re-count	2	72
re-counts	1	6
re-create	1	10
re-created	4	43
re-cut	0	3
re-cycles	1	5
re-darn	1	0
re-delivery	1	0
re-designed	2	175
re-developed	1	86
re-dial	3	1
re-director	1	0
re-distributed	1	31
re-do	2	17
re-doing	0	4
re-done	0	11
re-drafted	1	29
re-drawn	1	16
re-dressed	2	3
re-dropping	1	0
re-dug	1	0
re-echoed	1	0
re-edit	2	0
re-edited	3	0
re-editing	1	0
re-education	1	0
re-elect	1	0
re-elected	8	0
re-election	2	0
re-elects	4	0
re-emerged	1	0
re-emergence	1	0
re-emergent	1	0
re-emerges	1	0
re-emerging	1	0
re-employed	2	0
re-employing	2	0
re-enabled	1	0
re-enact	3	1
re-enacted	5	1
re-enactment	3	1
re-energised	1	0
re-enforcing	1	0
re-engage	1	0
re-engagement	1	0
re-engendered	1	0
re-engineer	1	0
re-engineered	4	0
re-engineering	1	0
re-enlist	3	0
re-enter	9	0
re-entered	1	0
re-entering	2	0
re-enters	2	0
re-entry	3	0
re-envisaged	1	0
re-equip	2	0
re-equipped	1	0
re-establish	3	0
re-established	6	0
re-establishes	1	0
re-establishing	2	0
re-establishment	1	0
re-evaluate	1	0
re-evaluated	3	0
re-evaluation	1	0
re-examination	1	0
re-examine	2	0
re-examined	3	0
re-examining	1	0
re-experienced	1	0
re-expressed	1	0
re-fained	0	2
re-fasten	0	3
re-fitted	2	12
re-form	1	588
re-formatted	1	6
re-formed	6	337
re-forming	1	98
re-gan	0	8
re-gather	1	0
re-gis	0	5
re-hash	1	4
re-hashed	1	21
re-heating	1	1
re-home	1	0
re-homed	1	0
re-ich	0	4
re-id	0	4
re-ignited	0	2
re-illy	0	5
re-imagined	1	11
re-imagining	1	0
re-interpretation	1	9
re-interpreted	1	20
re-invested	1	1
re-issued	2	7
re-joined	1	1
re-knitted	1	0
re-launch	1	4
re-let	2	0
re-located	1	79
re-made	1	37
re-making	1	3
re-marriage	1	1
re-mating	1	0
re-me	0	2
re-mi	1	0
re-moaner	0	3
re-moved	1	1502
re-ne	0	12
re-noir	0	21
re-noirs	0	2
re-offend	1	0
re-offender	1	0
re-open	2	2
re-order	3	11
re-ordered	6	25
re-ordering	3	10
re-organisation	2	67
re-organise	1	22
re-packaging	1	1
re-plotted	1	1
re-plotting	1	0
re-positioned	0	38
re-positioning	0	12
re-processed	1	6
re-purchaser	1	0
re-purposed	0	9
re-raise	1	0
re-read	3	9
re-reading	4	6
re-recording	1	0
re-release	1	1
re-released	1	0
re-rigged	2	0
re-rope	1	0
re-route	1	0
re-routed	1	6
re-routing	1	2
re-run	2	10
re-select	1	0
re-sent	2	72
re-served	1	225
re-settled	1	19
re-settlement	1	5
re-sewn	0	2
re-shown	1	0
re-sited	0	2
re-staged	1	5
re-staple	1	0
re-start	1	18
re-starts	1	1
re-stitched	0	2
re-stocked	1	1
re-sum	0	2
re-taped	1	0
re-tested	0	2
re-toasting	1	0
re-toning	1	0
re-treated	1	34
re-treating	1	363
re-trial	1	10
re-turned	1	2209
re-tweaked	1	0
re-use	3	16
re-used	6	20
re-uses	1	4
re-work	1	12
re-worked	1	62
re-working	1	28
re-write	3	92
re-writing	2	52
re-written	7	243
read-only	1	0
read-out	1	0
reading-desk	1	0
ready-assembled	1	0
ready-cooked	2	0
ready-made	14	1
ready-mix	4	0
ready-sliced	1	0
real-time	3	0
real-tor	0	8
real-tors	0	3
reaping-hook	1	0
rear-admiral	1	0
rear-don	0	3
rear-end	7	0
rear-ends	1	0
rear-facing	1	0
reasonable-sounding	2	0
rec-ut	0	3
recently-born	1	0
recently-built	1	0
recently-departed	1	0
recently-emptied	1	0
recently-taken	1	0
recipe-light	1	0
reckoning-point	1	0
recon-figuration	0	2
recon-figure	0	3
recon-figured	0	15
recon-figuring	0	2
record-breaker	2	0
record-breaking	19	0
record-equalling	1	0
record-holder	22	0
record-holders	1	0
record-holding	3	0
record-keeper	8	0
record-keeping	2	0
record-makers	1	0
record-making	2	0
record-player	10	0
record-playing	2	0
record-spinner	1	0
recreation-feature	1	0
red-backed	2	0
red-blooded	1	0
red-brown	1	0
red-car	0	4
red-carded	4	0
red-coloured	1	0
red-ditch	0	2
red-eye	8	1
red-faced	22	0
red-flowering	1	0
red-going	1	0
red-grave	0	13
red-haired	4	0
red-handed	4	0
red-head	0	139
red-headed	7	0
red-heads	0	5
red-hot	22	0
red-letter	1	0
red-light	5	0
red-mottled	1	0
red-neck	0	9
red-necks	0	3
red-nose	1	0
red-nosed	1	0
red-one	0	11
red-pencilled	1	0
red-raw	1	2
red-shank	0	2
red-shirt	1	0
red-stained	1	0
red-tinged	1	0
red-top	13	3
red-tops	1	0
redd-itch	0	2
reddish-blue	1	0
reddish-brown	58	0
reddish-coloured	1	0
reddish-orange	2	0
reddish-purple	5	0
reddish-white	1	0
reddish-yellow	1	0
reddy-brown	1	0
reds-hank	0	2
reduced-price	2	0
reduced-size	1	0
reed-beds	1	0
reef-knot	1	0
refuse-collector	1	0
reg-an	0	8
reg-gie	0	8
reg-is	0	5
reggae-like	1	0
reggae-style	1	0
regularly-collected	1	0
regularly-performed	1	0
regularly-produced	1	0
regularly-screened	1	0
regularly-taken	1	0
regularly-visited	1	0
reindeer-skin	1	0
relaxed-sounding	1	0
rem-us	0	11
remain-er	0	13
remain-ers	0	9
remote-control	1	0
remote-controlled	6	0
remotely-operated	1	0
ren-dell	0	5
rend-ell	0	5
rent-collecting	1	0
rent-free	10	0
rent-payer	1	0
rep-ton	0	7
repayment-maker	1	0
report-writing	1	0
reprisal-free	1	0
republican-like	1	0
res-til	0	3
res-um	0	2
research-room	1	0
reserved-sounding	1	0
resin-based	1	0
resistance-free	1	0
respectable-looking	1	0
rest-cure	1	0
rest-days	1	0
rest-itched	0	2
rest-room	1	4
restau-rant	1	811
restaurant-car	1	0
restaurant-goers	1	0
resting-place	10	0
restrained-sounding	1	0
ret-ard	0	4
rete-sted	0	2
retes-ted	0	2
retro-cut	1	0
retro-fashion	1	0
retro-futurist	1	0
retro-looking	1	0
retro-rock	1	0
retro-style	4	0
rev-indicator	1	0
revenue-generating	1	0
revenue-raising	1	0
reverse-called	1	0
reverse-engineered	2	0
rheumatoid-arthritic	1	0
rhine-land	0	6
rho-na	0	2
rial-to	0	5
rib-eye	1	1
rib-tickler	1	0
rib-ticklers	1	0
rice-based	2	0
rich-ard	0	219
rich-ards	0	11
rick-man	0	2
rid-in	0	3
rid-ley	0	3
ride-share	1	0
ride-sharing	3	0
ridiculous-looking	1	0
riding-establishment	1	0
riding-horse	1	0
riff-raff	6	3
rifle-butt	1	0
rifle-range	2	0
rifle-toting	1	0
rig-by	0	6
rig-out	2	1
right-angled	5	0
right-angles	1	0
right-back	1	0
right-beginning	1	0
right-granting	1	0
right-hand	35	0
right-handed	2	0
right-hander	3	0
right-leaning	7	0
right-minded	4	0
right-o	1	0
right-on	14	0
right-ousting	1	0
right-thinking	1	0
right-wing	136	2
right-winger	114	9
right-wingers	37	1
rim-baud	0	7
rin-go	0	47
rin-goe	0	3
ring-bearer	3	0
ring-fence	1	0
ring-fenced	1	0
ring-fencing	3	0
ring-fighter	2	1
ring-leader	22	58
ring-like	1	0
ring-maker	1	0
ring-master	1	14
ring-oe	0	3
ring-road	5	1
ring-shaped	7	0
ring-tailed	3	0
rip-ley	0	2
rip-off	48	0
rip-offs	1	0
rip-on	0	13
rip-roaring	1	0
rising-generation	1	0
risk-assessing	1	0
risk-averse	2	0
risk-free	1	0
risk-sharing	1	0
risk-taker	10	0
risk-taking	2	0
risk-tolerant	1	0
rit-if	0	3
river-bank	0	9
river-based	1	0
river-bird	1	0
river-boat	1	4
river-borne	1	0
river-craft	1	0
river-crosser	1	0
river-crossing	1	0
river-ditch	1	0
river-dweller	1	0
river-dwelling	2	0
river-flooded	1	0
river-god	1	0
river-mouth	1	0
roach-spread	1	0
road-building	1	0
road-crosser	1	0
road-crossing	1	0
road-edge	1	0
road-makers	1	0
road-making	1	0
road-mending	2	0
road-runner	0	2
road-side	1	74
road-sweepers	1	0
road-test	1	0
road-user	3	0
road-users	2	0
road-works	2	6
road-worthiness	0	4
rob-son	0	3
robe-son	0	2
robes-on	0	2
robin-hood	1	0
robin-son	0	33
robins-on	0	33
robot-like	1	0
robotic-sounding	1	0
robs-on	0	3
roc-kin	0	3
roch-dale	0	8
roch-ester	0	16
rock-band	1	0
rock-bottom	3	0
rock-bound	1	0
rock-breaking	1	0
rock-climbing	2	0
rock-dweller	1	0
rock-face	3	0
rock-fall	0	2
rock-forming	2	0
rock-in	0	3
rock-like	2	5
rock-star	0	2
rock-strewn	1	0
rock-studying	1	0
rocket-propelled	2	0
rocket-testing	1	0
rockier-sounding	1	0
rocks-tar	0	2
rod-in	0	45
rod-ins	0	2
rod-ney	0	32
rodent-eater	1	0
rodent-killer	1	0
roe-dean	0	8
roe-deer	1	0
roed-ean	0	8
role-play	1	0
role-player	2	0
role-playing	8	0
role-reversal	2	0
rolex-es	0	4
roll-back	1	0
roll-call	1	0
roll-on	1	0
roll-over	2	5
roll-up	4	0
rolled-over	1	0
rolled-up	5	0
roller-coaster	2	9
roller-coasters	0	2
roller-shaped	1	0
roller-skating	1	0
rolling-press	1	0
rom-any	0	11
rom-com	3	8
rom-mel	0	5
rom-ney	0	23
roma-ny	0	11
roman-tically	1	32
romantic-feeling	1	0
roo-ney	0	26
roof-beam	1	0
roof-edge	1	0
roof-raiser	1	0
roof-repairer	1	0
roof-stripping	1	0
roof-top	2	15
roof-tops	0	2
roof-worker	1	1
room-mate	1	4
root-like	1	0
root-pruned	1	0
rope-ladder	1	0
rope-maker	9	2
rope-running	1	0
rope-soled	2	0
roque-fort	0	16
rose-bay	1	1
rose-breasted	1	0
rose-bud	0	3
rose-buds	0	2
rose-bush	0	4
rose-coloured	1	0
rose-garden	1	0
rose-lit	1	0
rose-red	4	0
rose-tinted	3	0
roset-ta	0	2
rosy-cheeked	2	0
rotary-winged	1	0
rother-ham	0	6
rother-hithe	0	3
rother-mere	0	2
rotor-head	1	0
rotor-like	1	0
rotter-dam	0	8
rough-coated	1	0
rough-edged	2	0
rough-housing	1	0
rough-looking	3	0
rough-mannered	1	0
rough-neck	0	2
rough-necks	0	2
rough-shod	0	3
rough-sounding	6	0
rough-spoken	2	0
rough-terrain	1	0
rough-woven	1	0
roughed-up	1	0
rougher-sounding	1	0
roughly-built	1	0
roughly-speaking	1	0
roughs-hod	0	3
round-dodging	1	0
round-head	0	15
round-heads	0	6
round-looking	1	0
round-table	3	0
round-trip	1	0
round-up	15	0
round-ups	2	0
route-guides	1	0
route-planning	1	0
row-land	0	3
row-ling	0	11
rowing-boat	1	0
rowing-club	1	0
royalty-managed	1	0
rub-bra	0	3
rub-down	1	1
rub-ens	0	15
rubber-clad	1	0
rubber-like	1	0
rubber-soled	1	0
rubberneck-ers	0	2
rubbish-holder	1	0
rubbish-laden	1	0
ruby-coloured	1	0
ruby-red	1	0
rucked-up	1	0
ruddy-cheeked	1	0
rude-sounding	3	0
ruder-sounding	1	0
rugby-participating	1	0
rugby-player	1	0
rugby-playing	3	0
rul-ing	1	267
rule-book	1	2
rule-breaker	3	0
rule-breakers	2	0
rule-breaking	4	0
rule-following	2	0
rule-keeper	1	0
rules-based	1	0
rum-based	2	0
rum-pole	0	18
rum-running	2	0
rumour-monger	1	0
rumour-spreader	1	0
rump-ole	0	18
run-around	3	3
run-corn	0	3
run-down	60	6
run-in	11	0
run-ins	1	0
run-off	3	0
run-out	10	0
run-outs	1	0
run-producing	1	0
run-through	15	0
run-time	1	0
run-up	9	0
run-yon	0	2
runabout-type	1	0
rund-own	0	6
runner-up	30	0
runners-up	6	0
rush-die	0	13
rush-hour	2	0
rush-in	0	2
rush-more	0	6
rusk-in	0	3
rust-belt	1	0
rust-proofed	2	0
rut-land	0	5
s-end	1	672
s-in	1	622
s-low	1	779
s-play	1	0
sab-bath	0	100
sab-baths	0	2
saber-like	1	0
sabre-rattler	1	0
sabre-rattling	3	0
sabre-tooth	1	0
sac-ha	0	4
sac-re	0	2
saccharin-sweet	1	0
sacra-mento	0	4
sad-at	0	13
sad-dam	0	14
sad-eyed	2	0
sad-looking	2	0
sad-sounding	1	0
sadly-spoken	1	0
safe-breaker	2	0
safe-breaking	1	0
safe-cracker	2	1
safe-crackers	1	0
safe-keeping	1	11
safety-belt	1	0
safety-pins	1	0
sai-gon	0	19
sail-boat	0	5
sailing-boat	1	0
sailing-boats	1	0
sailing-centre	1	0
sailing-ship	5	0
sailing-vessel	3	0
sailor-boy	1	0
sailor-composer	1	0
sailor-girl	1	0
sailor-king	1	0
sailor-man	3	0
sailor-scholar	1	0
sains-bury	0	9
saint-germain	1	0
saint-like	1	1
saint-malo	2	0
sal-ah	0	24
sal-combe	0	2
sal-em	0	11
sal-ford	0	7
sal-man	0	5
sala-din	0	2
salad-in	0	2
sale-room	1	2
sales-people	1	9
sallowy-grey	1	0
salmon-fishing	1	0
saloon-keeper	1	0
salt-covered	1	0
salt-filled	1	0
salt-free	2	0
salt-marsh	1	0
salt-mine	2	0
salt-water	1	8
sam-son	0	23
sam-sung	0	3
same-sex	3	0
san-chez	0	2
san-die	0	3
san-down	0	9
san-ta	0	170
sanction-busting	1	0
sand-bank	0	12
sand-blasted	1	0
sand-dune	1	0
sand-glass	0	2
sand-hills	1	3
sand-hurst	0	9
sand-loving	1	0
sand-own	0	9
sand-storm	0	3
sandwich-like	1	0
sandwich-maker	1	0
sandwich-ready	1	0
sandy-coloured	1	0
sang-froid	2	4
sanguine-ti	0	2
sap-pho	0	10
sar-ah	0	107
sar-gent	0	4
sar-gon	0	3
sard-inia	0	6
sardonic-sounding	1	0
sashimi-style	1	0
sass-oon	0	6
sasse-nach	0	7
sat-an	0	72
sat-nav	2	29
sat-upon	2	0
sat-urn	0	45
satellite-bearing	1	0
satyr-like	1	0
saucer-shaped	2	0
sausage-loving	1	0
saut-erne	0	4
saut-ernes	0	2
saw-bones	0	3
saw-mill	0	3
sawn-off	30	0
sawn-up	1	0
sax-on	0	20
sax-ons	0	6
say-so	1	0
scaled-down	3	0
scam-free	1	0
scandal-free	1	0
scandal-hit	1	0
scandal-monger	1	8
scandal-wracked	1	0
scar-borough	0	10
scar-face	0	8
scar-gill	0	4
scar-pia	0	2
scared-looking	1	0
scarf-ace	0	8
scarier-sounding	1	0
scarlet-backed	1	0
scatter-brain	2	1
scatter-brained	0	8
scene-shifters	1	0
scene-shifting	1	0
scholar-gipsy	1	0
school-child	0	10
school-children	0	32
school-days	0	3
school-ground	1	0
school-haters	1	0
school-head	1	0
school-kid	0	8
school-kids	0	16
school-leaver	6	0
school-leavers	2	0
school-ma	0	2
school-marm	0	7
school-mate	0	11
school-mates	0	3
school-mistress	1	1
school-run	1	0
school-teacher	0	18
school-teachers	0	6
school-time	1	2
science-advancing	1	0
science-fiction	3	0
scient-ology	0	5
scoffed-at	1	0
scooby-doo	10	0
scooped-out	2	0
scooter-rider	1	0
score-board	0	4
score-books	1	0
score-draw	3	0
score-less	0	13
score-person	1	0
score-settler	2	0
score-sheets	1	0
scornful-sounding	1	0
scot-free	4	0
scot-land	0	668
scot-tie	0	3
scrag-end	1	0
scrap-book	0	4
scrap-dealer	1	0
scrap-heap	2	6
scrap-per	0	2
scrap-yard	0	3
scrappy-doo	1	0
screech-owl	1	0
screech-owls	1	0
screen-writer	0	6
screen-writers	0	4
screened-off	1	0
screw-ball	0	9
screw-driver	0	13
screw-drivers	0	2
screw-tape	0	2
screw-up	1	0
screwed-up	2	0
scripture-packed	1	0
scroll-like	1	0
scrooge-like	4	0
scruffy-looking	1	0
scrum-half	4	0
scrum-per	0	2
scrump-er	0	2
scullery-maid	3	0
scum-bags	0	2
sea-air	1	0
sea-anglers	1	0
sea-battered	1	0
sea-bird	1	230
sea-birds	0	42
sea-blue	2	0
sea-bred	1	0
sea-captain	1	0
sea-change	1	0
sea-coast	5	2
sea-cook	1	0
sea-creature	8	0
sea-creatures	2	0
sea-dog	4	1
sea-duty	1	0
sea-dweller	1	0
sea-eagle	3	0
sea-eagles	1	0
sea-ear	2	0
sea-fight	1	0
sea-fog	2	0
sea-food	1	475
sea-fret	1	0
sea-front	1	34
sea-gas	1	0
sea-girl	1	0
sea-girt	7	0
sea-god	3	0
sea-going	12	17
sea-green	3	0
sea-horses	0	2
sea-lanes	1	0
sea-legs	1	0
sea-level	3	0
sea-levels	1	0
sea-life	2	0
sea-marker	1	0
sea-mew	1	1
sea-mist	7	0
sea-monster	11	0
sea-raider	1	0
sea-roving	1	0
sea-scale	0	3
sea-scouts	1	0
sea-shanties	1	0
sea-shell	0	3
sea-shore	0	15
sea-sick	4	16
sea-side	1	457
sea-snail	1	0
sea-song	1	0
sea-sport	1	0
sea-swimming	1	0
sea-trip	1	0
sea-urchin	1	0
sea-urchins	1	0
sea-voyage	1	0
sea-wall	0	2
sea-water	1	15
sea-wolf	1	0
sealskin-covered	1	0
seam-us	0	3
search-tool	1	0
seas-hell	0	3
seas-hore	0	15
seaside-entertainment	1	0
seat-belt	1	3
seat-loser	1	0
seaweed-covered	1	0
seaweed-draped	2	0
seaweed-like	1	0
second-best	11	0
second-born	2	0
second-century	1	0
second-choice	1	0
second-class	106	0
second-favourite	1	0
second-floor	1	0
second-generation	1	0
second-grade	5	0
second-guess	1	0
second-half	1	0
second-hand	89	4
second-highest	1	0
second-in	1	0
second-largest	1	0
second-lowest	1	0
second-mentioned	1	0
second-placed	4	0
second-rate	215	0
second-rater	1	0
second-raters	1	0
second-row	1	0
second-stage	1	0
second-string	1	0
second-tier	4	0
second-time	1	0
second-year	3	0
secretary-general	13	0
secure-sounding	1	0
security-checked	1	0
security-conscious	2	0
see-saw	3	11
see-through	20	0
seed-buds	1	0
seed-case	1	4
seed-cases	2	2
seed-covered	1	0
seed-head	1	1
seed-producer	1	0
seed-spiller	3	0
seeing-to	1	0
seize-up	1	0
sel-by	0	9
sel-ene	0	2
sel-es	0	5
sel-fridges	0	8
sel-kirk	0	12
sel-lout	0	2
sel-ma	0	3
sel-sey	0	2
seldom-encountered	2	0
sele-ne	0	2
self-abnegating	1	0
self-absorbed	22	0
self-abuse	3	0
self-addressed	1	0
self-adjusting	1	0
self-adjustment	1	0
self-administered	1	0
self-admiration	1	0
self-admirer	2	0
self-advancing	1	0
self-aggrandisement	4	0
self-aggrandising	4	0
self-aggrandizement	1	0
self-aggrandizing	1	0
self-analysis	1	0
self-appointed	2	0
self-approbation	1	0
self-assembly	7	0
self-assertion	1	0
self-assertive	7	0
self-assertiveness	1	0
self-assessment	2	0
self-assurance	9	0
self-assured	6	0
self-aware	3	0
self-awareness	2	0
self-banking	3	0
self-betrothal	1	0
self-boosting	1	0
self-built	1	0
self-catering	19	0
self-centred	23	0
self-cleaning	1	0
self-complacent	2	0
self-conceit	2	0
self-concern	2	0
self-confessed	2	0
self-confidence	56	0
self-confident	10	0
self-congratulatory	2	0
self-conscious	12	0
self-consciously	3	0
self-consciousness	2	0
self-consumed	1	0
self-contained	19	0
self-contemplation	1	0
self-contradiction	3	0
self-contradictory	4	0
self-control	52	0
self-controlled	2	0
self-critical	2	0
self-criticism	1	0
self-deceit	1	0
self-deception	2	0
self-declared	1	0
self-dedicated	1	0
self-dedication	1	0
self-defeating	3	0
self-defence	16	1
self-defenced	1	0
self-denial	16	0
self-denier	1	0
self-denying	2	0
self-deprecating	1	0
self-deprecation	1	0
self-deprecatory	1	0
self-described	2	0
self-description	5	0
self-descriptively	1	0
self-destruct	1	0
self-destruction	3	0
self-destructive	5	0
self-determination	3	0
self-diagnosing	1	0
self-directing	1	0
self-discipline	11	0
self-disciplined	5	0
self-disclosure	1	0
self-display	1	0
self-divided	1	0
self-doubt	6	0
self-doubter	1	0
self-doubting	1	0
self-drive	1	0
self-driving	4	0
self-educator	1	0
self-effacement	1	0
self-effacing	9	0
self-elected	1	0
self-elevation	1	0
self-employed	16	0
self-esteem	42	0
self-evident	24	0
self-evidently	3	0
self-examination	2	0
self-explanatory	3	0
self-expression	1	0
self-flagellation	4	0
self-governing	5	0
self-government	4	0
self-gratification	3	0
self-guided	1	0
self-guiding	1	0
self-harm	5	0
self-hate	1	0
self-help	7	0
self-helper	1	0
self-history	1	0
self-identification	2	0
self-identified	1	0
self-identifying	1	0
self-image	10	0
self-immolation	1	0
self-importance	31	0
self-important	29	0
self-imposed	1	0
self-improvement	3	0
self-indulgence	14	0
self-indulgent	28	0
self-inflating	1	0
self-inflation	1	0
self-inflicted	24	0
self-instruction	1	0
self-interest	11	0
self-interested	6	0
self-introduction	7	0
self-involved	2	0
self-isolate	2	0
self-isolating	1	0
self-justification	2	0
self-loading	1	0
self-loathing	2	0
self-love	11	0
self-loving	1	0
self-made	4	0
self-motivated	1	0
self-observation	1	0
self-obsessed	13	0
self-obsession	6	0
self-opinion	1	0
self-opinionated	2	0
self-penned	1	0
self-pitying	2	0
self-portrait	6	0
self-possessed	2	0
self-possession	11	0
self-powered	1	0
self-praise	2	0
self-proclaimed	9	0
self-produced	1	0
self-professed	1	0
self-promotion	5	0
self-propelled	1	0
self-protection	2	0
self-publicist	2	0
self-publicity	1	0
self-punishment	1	0
self-reference	2	0
self-referencing	1	0
self-referential	3	0
self-referentially	3	0
self-reflection	5	0
self-regard	7	0
self-regarding	4	0
self-regulating	1	0
self-reliant	4	0
self-reproach	3	0
self-respect	7	0
self-restrained	4	0
self-restraint	17	1
self-revelation	1	0
self-revelatory	1	0
self-reversal	1	0
self-ridges	0	8
self-righteous	30	0
self-sacrifice	4	0
self-same	1	2
self-satisfaction	2	0
self-satisfied	44	0
self-satisfying	1	0
self-seeker	4	0
self-seeking	3	0
self-service	7	0
self-serving	7	0
self-slur	1	0
self-standing	1	0
self-starter	2	0
self-study	1	0
self-styled	7	0
self-sufficient	7	0
self-supporting	3	0
self-sustaining	1	0
self-taught	2	0
self-test	1	0
self-trained	1	0
self-willed	9	0
self-worshipper	1	0
self-worth	4	0
sell-by	28	0
sell-off	6	0
sell-out	14	2
selling-point	1	0
semi-aquatic	6	5
semi-arboreal	1	0
semi-arid	1	0
semi-automated	1	0
semi-bold	1	0
semi-broken	1	0
semi-casual	1	0
semi-celebration	1	0
semi-changeable	1	0
semi-circular	2	8
semi-clad	2	0
semi-clean	1	0
semi-comatose	1	0
semi-competent	1	0
semi-confidential	1	0
semi-conscious	2	1
semi-consciousness	1	0
semi-continental	1	0
semi-conventional	1	0
semi-crashed	1	0
semi-credible	1	0
semi-cropped	1	0
semi-cryptic	1	0
semi-darkness	3	0
semi-desert	3	1
semi-detached	3	1
semi-diaphanous	1	0
semi-digested	1	0
semi-dim	1	0
semi-disloyal	1	0
semi-dismissed	1	0
semi-divine	1	0
semi-domesticated	1	0
semi-dressed	1	0
semi-emaciated	1	0
semi-embarrassed	2	0
semi-empathic	1	0
semi-employed	1	0
semi-eternity	1	0
semi-existence	1	0
semi-fake	1	0
semi-famous	1	0
semi-fervour	1	0
semi-fierce	1	0
semi-final	5	2
semi-finalist	1	0
semi-finals	2	0
semi-fire	1	0
semi-firm	1	0
semi-flip	1	0
semi-formal	2	0
semi-freedom	1	0
semi-german	1	0
semi-gloom	1	0
semi-grin	1	0
semi-hard	1	0
semi-homespun	1	0
semi-human	2	0
semi-informal	1	0
semi-insentient	1	0
semi-intelligible	1	0
semi-intoxicated	1	0
semi-involved	1	0
semi-lam	1	0
semi-legend	1	0
semi-limber	1	0
semi-liquid	2	0
semi-literate	3	0
semi-meltdown	1	0
semi-military	2	0
semi-naked	3	0
semi-neurotic	2	0
semi-notion	1	0
semi-nuanced	1	0
semi-nude	11	0
semi-nuts	1	0
semi-octave	1	0
semi-optimistic	1	0
semi-organised	1	0
semi-orgasm	1	0
semi-ostracises	1	0
semi-permanent	2	0
semi-precious	10	8
semi-pro	2	1
semi-proletarians	1	0
semi-public	1	0
semi-reclusive	1	0
semi-redacted	1	0
semi-religious	2	0
semi-repose	1	0
semi-retired	5	0
semi-retirement	3	0
semi-revolution	1	0
semi-rigid	2	0
semi-ripe	1	0
semi-romantic	1	0
semi-rough	1	0
semi-rudeness	1	0
semi-rural	1	0
semi-siblings	1	0
semi-simultaneous	1	0
semi-skinny	1	0
semi-slave	1	0
semi-slow	1	0
semi-soft	1	0
semi-solid	3	1
semi-staged	1	0
semi-star	1	0
semi-sweet	1	1
semi-tame	1	0
semi-te	0	6
semi-teetotal	1	0
semi-terraced	1	0
semi-tes	0	3
semi-tic	0	4
semi-topless	1	0
semi-toxic	1	0
semi-trained	1	0
semi-tropical	1	0
semi-true	1	0
semi-uncertain	1	0
semi-uneasy	1	0
semi-unscrewed	1	0
semi-us	1	0
semi-verbal	1	0
semi-victorious	2	0
semi-virgin	1	0
semi-visible	1	0
semi-wild	2	0
semi-wooded	1	0
semi-wrong	1	0
sen-egal	0	20
sen-ja	0	2
sen-nett	0	3
sen-or	0	9
send-off	21	0
send-offs	1	0
send-up	17	0
sending-off	1	0
senega-lese	0	6
sensation-mongers	1	0
sensible-sounding	1	0
sept-ember	0	90
sere-na	0	11
sergeant-major	51	1
serious-looking	1	0
serious-minded	1	0
serious-sounding	1	0
servant-boy	1	0
servant-girl	1	0
serving-boy	1	0
serving-girl	3	0
serving-up	1	0
sesame-seed	1	0
set-aside	1	0
set-back	7	353
set-builder	1	0
set-piece	2	0
set-price	1	0
set-to	18	0
set-top	3	0
set-up	95	2
set-ups	4	0
setter-off	2	0
setter-up	2	0
seven-act	1	0
seven-day	1	0
seven-gated	2	0
seven-nil	1	0
seven-oaks	0	7
seven-piece	3	0
seven-pound	1	0
seven-stone	2	0
seven-week	1	0
seven-year	2	0
seventeenth-century	2	0
seventy-five	3	0
seventy-seven	1	0
sever-us	0	3
sew-ell	0	8
sex-appeal	9	0
sex-change	6	0
sex-drive	1	0
sex-exclusive	1	0
sex-fuelled	1	0
sex-grabbing	1	0
sex-kitten	1	0
sex-kittens	1	0
sex-mad	1	0
sex-obsessed	1	0
sex-op	1	0
sex-party	1	0
sex-symbol	1	0
sex-wise	1	0
sexed-up	5	0
sexually-active	3	0
sexy-looking	1	0
sh-agger	0	4
sh-aggers	0	3
sh-akin	0	3
sh-ane	0	13
sh-apps	0	4
sh-aria	0	5
sh-eba	0	5
sh-eff	0	2
sh-ere	0	2
sh-into	0	6
sh-it	0	127
sh-its	0	3
sh-sharp	1	0
shabby-looking	1	0
shabby-sounding	4	0
shackle-ton	0	10
shades-type	1	0
shadow-boxing	1	0
shagged-out	1	0
shaggy-haired	3	0
shake-down	0	2
shake-up	29	0
shaken-up	1	0
shakes-peare	0	410
shallow-ish	1	0
shambolic-ally	0	2
shame-faced	1	24
shan-non	0	7
shank-ar	0	5
shanty-town	0	8
shape-shift	1	0
shape-shifter	3	0
shape-shifting	4	2
share-out	4	0
share-pushers	1	0
sharp-billed	1	0
sharp-edged	1	0
sharp-eyed	4	0
sharp-pointed	1	0
sharp-tasting	2	0
sharp-toothed	1	0
sharp-witted	10	0
sharply-defined	1	0
shaven-headed	7	0
she-canine	1	0
she-cat	3	0
she-cats	1	0
she-cow	1	0
she-devil	8	0
she-devils	1	0
she-dog	1	0
she-elephant	1	0
she-goat	1	0
she-man	1	0
she-rabbits	1	0
she-rat	1	0
she-re	0	2
sheath-like	1	0
shed-loads	0	2
sheep-catching	1	0
sheep-dips	1	0
sheep-faced	1	0
sheep-farm	1	0
sheep-farmer	1	0
sheep-like	4	0
sheep-pen	1	0
sheep-pig	1	0
sheep-shearers	2	0
sheep-shearing	1	0
sheer-an	0	26
sheer-ness	0	2
shell-hole	1	0
shell-like	25	0
shell-powered	1	0
shell-shaped	2	0
shell-shock	1	2
shell-shocked	1	0
shell-suited	1	0
shell-thrower	1	0
shelling-out	1	0
shepherd-tenor	1	0
shield-bearer	2	0
shifty-looking	1	0
shilling-grabbing	1	0
shilly-shally	3	0
shilly-shallying	10	1
shin-kicking	1	0
shin-to	0	6
shiny-nosed	1	0
shiny-scaled	1	0
ship-borne	1	0
ship-builder	1	4
ship-launcher	1	0
ship-master	0	3
ship-owner	1	1
ship-shape	1	17
ship-workers	0	2
ship-wreck	1	14
shirt-lifter	1	0
shirt-like	3	0
shirt-sleeves	0	2
shirt-tail	1	0
shock-absorber	1	0
shoe-cleaner	1	0
shoe-dwelling	1	0
shoe-leather	1	0
shoe-making	1	1
shoe-siring	1	0
shoo-in	2	0
shoo-tout	0	3
shoot-out	11	3
shooting-party	2	0
shop-front	0	3
shop-girl	2	2
shop-keeper	1	104
shop-lifting	1	8
shop-owner	2	0
shopping-list	1	0
shore-bird	1	5
shore-caught	1	0
shore-ditch	0	8
shored-itch	0	8
short-arse	1	0
short-change	1	0
short-changed	4	0
short-circuited	1	0
short-comings	1	6
short-contract	1	0
short-cut	1	8
short-distance	1	0
short-form	1	0
short-haired	1	0
short-haul	1	0
short-headed	1	0
short-list	0	3
short-lived	77	0
short-pitched	1	0
short-range	2	0
short-route	1	0
short-sighted	8	0
short-sleeved	3	0
short-staffed	1	0
short-stay	1	0
short-story	3	0
short-tailed	6	0
short-tempered	14	0
short-term	48	0
short-termer	1	0
short-time	5	0
shortest-lived	1	0
shortest-named	1	0
shorts-wearers	1	0
shorts-wearing	1	0
shot-guns	1	3
shot-putter	1	0
shot-stopper	2	0
shoulder-bone	1	0
shoulder-high	1	0
shoulder-plate	1	0
shouting-match	1	0
show-down	0	6
show-girl	1	7
show-jumpers	1	1
show-jumping	0	4
show-off	40	0
show-offs	3	0
show-piece	1	3
show-ring	2	0
show-starter	1	0
showd-own	0	6
showing-off	1	0
shrews-bury	0	8
shrink-wraps	1	0
shrub-land	0	2
shut-down	0	7
shut-downs	0	2
shut-eye	3	7
shute-ye	0	7
shy-lock	0	37
shy-making	1	0
si-am	0	18
si-an	0	6
si-deline	0	12
si-dent	0	2
si-don	0	2
si-las	0	7
si-mon	0	109
si-mone	0	12
si-nai	0	11
si-sley	0	2
si-stance	0	2
sick-bay	0	5
sick-looking	3	0
sick-making	2	0
sick-room	1	2
sickle-shaped	1	0
sickly-looking	18	0
side-dish	1	0
side-effects	3	0
side-issue	1	0
side-kick	0	55
side-kicks	0	2
side-line	0	12
side-lines	0	7
side-lining	0	3
side-on	2	0
side-road	0	3
side-show	1	6
side-splitting	14	0
side-step	0	9
side-stepped	0	3
side-stepping	0	5
side-streets	1	0
side-swiped	1	0
side-switching	1	0
side-track	1	6
side-tracked	1	4
side-walk	1	5
sideboard-like	1	0
sides-how	0	6
siege-gun	1	0
sig-nature	1	74
sight-reading	1	0
sight-screen	2	2
sight-seeing	2	8
sight-seer	1	22
sight-seers	1	11
sign-in	1	0
sign-off	8	0
sign-on	1	0
sign-painter	1	0
signed-up	1	0
signing-on	1	0
silly-billy	6	0
silly-looking	1	0
silver-based	1	0
silver-blue	5	0
silver-coated	1	0
silver-gilt	1	0
silver-grey	4	0
silver-haired	2	0
silver-headed	1	0
silver-lined	4	0
silver-plated	5	0
silver-stone	0	8
silver-tipped	1	0
silver-tongued	6	0
silver-topped	1	0
silvers-tone	0	8
silvery-grey	3	0
silvery-white	3	0
sim-eon	0	2
sim-on	0	109
sim-one	0	12
similar-sounding	3	0
simp-son	0	83
simp-sons	0	14
simple-hearted	2	0
simple-minded	11	0
simple-sounding	1	0
simply-cooked	1	0
simps-on	0	83
simps-ons	0	14
sin-adorer	1	0
sin-ai	0	11
sin-avoiding	1	0
sin-bad	0	11
sin-free	2	0
sin-gin	0	6
sine-ad	0	2
sing-along	1	2
sing-in	0	6
sing-song	2	4
singer-actress	1	0
singer-songwriter	31	0
single-breasted	2	0
single-cell	1	0
single-coated	1	0
single-decker	3	0
single-deckers	2	0
single-digit	1	0
single-glazed	1	0
single-handed	3	0
single-issue	1	0
single-letter	1	0
single-master	1	0
single-member	1	0
single-minded	28	0
single-mindedness	8	1
single-parent	2	0
single-room	3	0
single-seater	1	0
single-sex	2	0
single-stemmed	1	0
single-storey	4	0
single-track	1	0
singles-only	1	0
singular-looking	2	0
sinister-looking	3	0
sinus-clearing	1	0
siri-us	0	6
sirloin-cut	1	0
sis-ley	0	2
sis-tine	0	3
sist-ance	0	2
sit-com	1	117
sit-down	5	0
sit-in	24	0
sit-ins	4	0
sit-ka	0	2
sit-up	1	0
sit-ups	3	0
sit-well	0	4
sitting-room	4	0
six-act	1	0
six-colour	1	0
six-fifty	1	0
six-foot	2	0
six-footer	165	1
six-grand	1	0
six-headed	1	0
six-inch	1	0
six-letter	1	0
six-love	1	0
six-month	2	0
six-nil	1	0
six-pack	36	0
six-packs	2	0
six-page	1	0
six-pointed	1	0
six-pointer	1	0
six-shooter	2	0
six-sided	1	0
six-thirty	1	0
six-time	1	0
six-week	1	0
sixteenth-century	1	0
sixth-form	2	0
sixth-formers	1	0
sixth-rate	1	0
sixth-sevenths	1	0
sixty-eight	1	0
sixty-four	2	0
sixty-minute	2	0
sixty-one	1	0
sixty-plus	1	0
sixty-year	1	0
size-well	0	2
size-zero	1	0
skeg-ness	0	14
sketch-book	0	5
sketch-writer	2	0
skew-whiff	3	0
ski-doo	1	0
ski-ing	1	51
ski-lift	2	0
ski-run	2	0
ski-slope	1	0
ski-track	1	0
ski-trail	1	0
skim-read	1	0
skin-basher	1	0
skin-deep	3	0
skin-food	1	0
skin-tight	2	1
skin-treatment	1	0
skinny-dip	1	0
skinny-dipper	1	0
skinny-dippers	1	0
skinny-dipping	1	0
skinny-looking	1	0
skip-ton	0	2
skirt-chaser	1	0
skirt-like	3	3
skirt-pocket	1	0
skirt-wearing	2	0
skirting-board	1	0
skull-cap	0	3
skunk-like	1	0
sky-blue	1	0
sky-god	1	0
sky-high	5	0
sky-rocket	0	2
sky-walker	0	5
skywalk-er	0	5
slack-jawed	1	0
slack-legal	1	0
slagging-off	1	0
slalom-er	0	2
slam-bang	1	0
slam-dance	1	0
slang-whang	1	0
slap-bang	1	0
slap-dash	1	21
slap-happy	2	0
slap-headed	1	0
slap-up	6	0
slaughter-house	0	22
slave-driver	7	0
slave-girl	2	0
slave-owner	1	0
sledge-hammer	0	3
sledge-pullers	1	0
sledge-pulling	1	0
sleep-deprived	1	0
sleep-in	1	0
sleep-inducer	3	0
sleep-inducing	7	0
sleep-over	0	5
sleep-wear	0	4
sleeping-bag	1	0
sleeping-place	13	0
sleeping-sickness	1	0
sleepy-head	1	2
sleepy-looking	1	0
sleigh-puller	1	0
sleigh-riders	1	0
slide-show	0	2
slides-how	0	2
slightly-damaged	1	0
slightly-reduced	1	0
slim-bodied	1	0
slim-making	2	0
slim-waisted	3	0
slimmed-down	3	0
slip-knot	0	2
slip-on	2	0
slip-up	16	0
slip-ups	1	0
sloop-rigged	2	0
slop-light	1	0
slow-burning	1	0
slow-climbing	1	0
slow-coach	1	23
slow-down	1	4
slow-motion	1	0
slow-mover	5	0
slow-moving	36	0
slow-opening	1	0
slow-paced	2	0
slow-witted	14	0
slowing-down	1	0
sly-looking	2	0
smack-artist	1	0
smacked-up	1	0
small-bore	1	0
small-change	2	0
small-holder	1	12
small-holding	1	7
small-label	1	0
small-minded	39	0
small-scale	17	0
small-screen	1	0
small-size	1	0
small-sized	3	0
small-sounding	2	0
small-time	14	0
small-timer	2	0
small-town	6	0
smaller-scale	1	0
smart-arse	3	3
smart-arses	1	0
smart-phone	0	28
smart-phones	0	6
smartly-dressed	2	0
smarty-boots	1	0
smarty-pants	4	3
smash-ed	1	253
smelling-salts	1	0
smelly-sounding	1	0
smith-field	0	2
smoke-covered	1	0
smoke-filled	2	0
smoke-free	1	0
smoking-hot	1	0
smooth-running	3	0
smooth-shelled	1	0
smooth-spoken	2	0
smooth-talker	2	0
smooth-talking	3	0
smooth-tongued	3	0
smooth-working	1	0
smug-faced	1	0
smut-free	1	0
snack-bar	1	1
snaffle-bit	1	0
snail-like	2	0
snake-haired	3	0
snake-handler	1	0
snake-like	6	2
snake-oil	1	0
snake-pit	1	0
snake-shape	1	0
snake-slayer	1	0
snappily-dressed	1	0
snarl-up	10	0
snarled-up	1	0
sneak-thief	1	0
sneaky-sounding	2	0
snooker-player	1	0
snooty-sounding	1	0
snot-rag	1	3
snotty-nosed	2	0
snow-covered	2	0
snow-crystals	1	0
snow-don	0	16
snow-drifts	1	1
snow-white	3	0
snub-bin	0	2
snub-nosed	1	0
snuffed-out	1	0
snugly-fitting	1	0
so-and	1	0
so-ave	0	9
so-ay	0	3
so-called	171	0
so-chi	0	2
so-crates	0	33
so-dom	0	10
so-lent	0	7
so-mali	0	8
so-malis	0	4
so-ny	0	5
so-so	22	0
so-soviet	1	0
soap-opera	1	0
soap-suds	0	6
soaps-uds	0	6
sob-sisters	1	0
soc-hi	0	2
soc-rates	0	33
soccer-oos	0	2
social-climbing	1	0
social-media	3	0
socialist-established	1	0
socially-acceptable	1	0
socio-economic	8	5
sock-hoisting	1	0
sock-seller	1	0
sod-om	0	10
soda-server	1	0
sodium-taking	1	0
soft-boil	1	0
soft-centred	1	0
soft-headed	3	0
soft-hearted	14	1
soft-pedal	2	0
soft-soap	1	0
soft-soaped	2	0
soft-soaps	1	0
soft-soled	2	0
soft-spoken	7	0
soft-spun	1	0
soft-top	3	0
softly-softly	2	0
soil-encrusted	1	0
soil-like	1	0
sol-fa	1	0
sol-ti	0	3
sol-way	0	2
solar-powered	1	0
soldier-comedian	1	0
soldier-husband	1	0
soldier-priest	1	0
soldier-sailor	1	0
soldier-sailors	1	0
sole-destroying	1	0
solicitor-general	1	0
solid-fuel	1	0
solid-looking	1	0
solidly-built	2	0
solitary-sounding	1	0
solitude-seeker	1	0
solo-mon	0	46
soma-li	0	8
soma-lis	0	4
some-thing	1	6715
son-glike	0	4
son-stealing	1	0
song-cycle	1	0
song-like	1	4
song-writer	4	72
song-writing	1	3
sop-hie	0	6
sorbet-like	1	0
sorry-looking	1	0
sorry-sounding	1	0
sort-out	2	0
sot-to	0	3
sou-ped	0	2
sou-they	0	4
sought-after	20	0
soul-bearing	1	0
soul-destroying	4	0
soul-life	1	0
soul-mate	0	4
soul-rap	1	0
soul-searching	2	0
soul-stirring	2	0
sound-board	0	2
sound-enhancing	1	0
sound-track	0	12
soundly-built	1	0
sounds-like	1	0
soup-maker	1	0
soup-making	1	0
sour-dough	0	7
sour-smelling	1	0
sour-tasting	4	0
sour-tempered	6	0
sous-chef	3	0
south-all	0	2
south-based	1	0
south-central	1	0
south-coast	1	0
south-east	128	95
south-eastern	42	19
south-end	0	15
south-facing	2	0
south-gate	0	3
south-port	0	6
south-sea	0	4
south-side	0	2
south-wark	0	7
south-west	44	30
south-western	9	5
south-wold	0	2
southern-style	2	0
souths-ea	0	4
souths-ide	0	2
soviet-style	1	0
soy-based	1	0
soy-bean	0	2
spa-hydro	1	0
space-age	1	0
space-dog	1	0
space-man	2	14
space-station	1	0
space-suit	0	4
space-time	5	3
space-traveller	6	0
space-travelling	1	0
space-unit	1	0
spaced-out	3	0
spaghetti-eaters	1	0
span-ish	0	2400
spar-ta	0	18
spar-tan	0	60
spar-tans	0	4
spare-time	2	0
sparrow-hawk	0	4
spart-an	0	60
spas-sky	0	2
speak-easy	0	8
speaker-rejected	1	0
spear-carrier	10	0
spear-carrying	1	0
spear-launcher	1	0
spear-side	1	0
spec-savers	0	2
special-needs	1	0
special-purpose	1	0
specially-formed	1	0
specially-made	1	0
specially-trained	1	0
specs-avers	0	2
speech-maker	5	2
speech-makers	1	0
speech-making	4	2
speech-recording	1	0
speech-related	1	0
speed-limit	1	0
speed-measuring	1	0
speed-read	1	0
spell-binding	1	4
spell-breaker	1	0
spell-check	3	0
spending-money	1	0
sperm-producer	1	0
sperm-producing	1	0
spiced-up	1	0
spider-like	1	0
spider-man	7	6
spider-woman	2	0
spiel-berg	0	63
spin-doctor	1	0
spin-doctored	1	0
spin-doctoring	2	0
spin-doctors	2	0
spin-drier	2	0
spin-dries	1	0
spin-dry	1	0
spin-merchant	1	0
spin-off	9	1
spinach-eater	1	0
spinach-guzzler	1	0
spine-less	1	37
spinning-wheel	1	0
spiny-skinned	1	0
spiral-horned	1	0
spiral-wise	1	0
spirit-backed	1	0
spirit-drinking	1	0
spirit-filled	1	0
spirit-like	2	0
spirit-raising	3	0
spirit-tapping	1	0
spit-head	0	6
spital-fields	0	2
spitz-like	1	0
spitz-type	1	0
splash-back	0	2
splendid-sounding	1	0
split-level	2	0
split-second	1	0
split-up	1	0
spoil-sport	0	13
spoil-sports	0	3
spoils-port	0	13
spoils-ports	0	3
spoon-bender	2	1
spoon-bending	1	0
spoon-er	0	1878
spoon-fed	1	1
spoon-feed	2	0
sports-day	1	1
sports-ground	0	2
sports-people	0	19
sportswear-bound	1	0
spot-checks	1	0
spot-kick	1	0
spot-on	6	0
spray-can	1	0
spring-clean	1	0
spring-cleaned	1	0
spring-cleaning	3	0
spring-field	0	23
spring-heeled	1	0
spring-like	2	4
spring-loaded	2	0
spring-operated	1	0
spring-steen	0	10
spring-time	1	48
spring-water	0	2
springs-teen	0	10
spruce-up	1	0
spud-bashing	1	0
spun-out	2	0
spy-holes	1	0
square-bashing	4	0
square-cornered	1	0
square-cut	1	0
square-dance	1	0
square-dancing	2	0
square-rigger	2	0
square-shaped	1	0
squarish-looking	1	0
squeaky-clean	2	0
squeeze-box	1	3
squid-like	1	0
st-afford	0	5
st-century	1	0
st-earns	0	5
st-erne	0	15
st-eve	0	31
st-owe	0	10
st-rine	0	2
st-rummer	0	6
stab-leman	0	11
stabbing-sword	1	0
stable-boy	2	3
stable-hand	0	3
stable-man	0	11
stable-men	0	2
stable-yard	1	0
stacked-up	1	0
stadium-bound	1	0
staff-ord	0	5
stag-night	1	0
stage-coach	1	6
stage-door	2	0
stage-focus	1	0
stage-hand	0	8
stage-hands	0	2
stage-managers	1	0
stain-es	0	6
stair-rail	2	0
stake-fashioned	1	0
stake-out	2	1
staling-rad	0	2
stall-holder	1	6
stall-holders	1	1
stall-one	0	21
stamp-issuing	1	0
stan-doff	0	2
stan-ley	0	32
stan-more	0	3
stan-sted	0	3
stand-alone	1	0
stand-by	9	9
stand-in	82	0
stand-ing	1	941
stand-ins	1	0
stand-off	8	2
stand-offish	3	4
stand-offs	2	0
stand-out	4	0
stand-up	48	0
stand-ups	3	0
standard-bearer	11	0
standard-bearers	1	0
standard-bearing	1	0
star-apple	1	0
star-buck	0	2
star-bucks	0	5
star-burst	0	2
star-cross	1	0
star-crossed	2	0
star-dust	0	13
star-fleet	0	4
star-gazer	1	13
star-gazers	0	3
star-gazing	0	4
star-led	1	0
star-like	1	0
star-lore	1	0
star-sailor	0	2
star-shaped	4	0
star-ship	1	18
star-sky	0	5
star-spangled	2	0
star-stalkers	1	0
star-strewn	1	0
star-struck	1	1
star-studded	5	0
star-tup	0	2
starry-eyed	8	0
stars-ky	0	5
start-up	10	2
starting-point	6	0
starting-points	1	0
state-backed	2	0
state-controlled	3	0
state-owned	2	0
state-provided	1	0
state-reared	1	0
state-run	1	0
state-supported	1	0
statesman-like	1	3
staying-power	4	0
stealthy-sounding	1	0
steam-boat	1	3
steam-driven	1	0
steam-engine	1	0
steam-generating	1	0
steam-holes	1	0
steam-powered	1	0
steam-roller	1	3
steam-train	1	0
steam-trains	1	0
steam-whistle	1	0
steel-bladed	1	0
steel-cored	1	0
steel-making	1	0
steel-works	1	6
steep-sided	2	0
steer-control	1	0
steer-forth	0	2
steer-pike	0	11
stein-beck	0	11
stein-way	0	2
step-brothers	1	0
step-counter	1	0
step-dame	1	0
step-hen	0	52
step-mum	0	2
step-nephew	1	0
step-sister	1	0
step-toe	0	18
step-toes	0	2
stepping-stones	1	0
stept-oe	0	18
stept-oes	0	2
stereo-typically	0	9
stereotypic-ally	0	9
stern-faced	2	0
stern-looking	3	0
stern-sounding	1	0
stet-son	0	5
stets-on	0	5
steven-age	0	9
steven-son	0	23
stevens-on	0	23
stew-art	0	39
stew-up	1	0
stick-like	1	0
stick-retrieval	1	0
stick-thin	1	0
stick-up	9	0
stick-wielding	1	0
sticking-point	1	0
sticking-up	1	0
sticky-out	1	0
sticky-sweet	1	0
stiff-looking	1	0
stiff-necked	1	0
still-developing	1	0
still-life	1	0
stilt-on	0	15
sting-ray	0	2
stink-infested	1	0
stir-crazed	1	0
stir-crazy	5	0
stir-fried	3	0
stir-fry	3	0
stir-ling	0	12
stirrup-pump	1	0
stitch-up	11	0
stitched-up	1	0
stock-getter	1	0
stock-holder	2	14
stock-holders	1	9
stock-holm	0	6
stock-port	0	15
stock-rider	1	0
stock-taker	0	7
stock-takers	1	0
stock-taking	2	12
stock-ton	0	2
stocking-filler	2	0
stocking-fillers	1	0
stocking-maker	1	0
stocking-seller	1	0
stocking-stocker	1	0
stocking-up	1	0
stomach-ache	0	2
stomach-churning	1	0
stomach-related	2	0
stomach-turning	8	0
stomach-wise	1	0
stone-baked	1	0
stone-cleaning	1	0
stone-cutter	0	6
stone-cutting	1	0
stone-deaf	1	0
stone-faced	2	0
stone-henge	0	18
stone-hurlers	1	0
stone-like	2	0
stone-mason	0	7
stone-throwing	1	0
stone-washed	1	0
stone-worker	0	6
stone-working	1	0
stonework-er	0	6
stony-eyed	1	0
stony-faced	5	0
stony-hearted	4	0
stony-looking	1	0
stood-up	1	0
stop-cock	0	2
stop-gap	1	10
stop-go	4	0
stop-light	1	1
stop-off	2	0
stop-out	2	0
stop-over	2	5
stop-pard	0	6
stop-pin	0	2
stop-watch	1	12
stopping-off	1	0
stopping-place	1	0
store-door	1	0
storm-battered	1	0
storm-centre	1	0
storm-hit	1	0
story-book	1	8
story-books	0	8
story-lines	0	4
story-teller	24	195
story-tellers	3	5
story-telling	6	16
story-writing	1	0
stout-hearted	1	1
stout-sounding	1	0
stove-pipe	0	7
stove-top	2	0
straight-away	1	13
straight-faced	1	0
straight-forwardly	0	3
straight-forwardness	0	2
straight-laced	1	0
straight-talking	3	0
straight-thinking	1	0
straightforward-ness	0	2
strait-jacket	0	2
strait-laced	37	3
strange-looking	3	0
strange-love	0	2
strange-sounding	1	0
strange-ways	0	5
strangely-named	1	0
strap-on	2	0
straw-coloured	1	0
straw-filled	1	0
street-based	1	0
street-map	1	5
street-porter	1	0
street-ravaged	1	0
street-walker	2	7
street-wise	3	9
stress-free	7	0
stress-reduction	1	0
stress-related	3	0
stretch-fabric	1	0
stretched-out	1	0
stretcher-bearer	2	0
stretcher-bearers	1	0
strict-living	1	0
strike-breaker	21	16
strike-breakers	4	0
strike-breaking	4	0
strike-leader	1	0
strikingly-coloured	1	0
strikingly-topped	1	0
string-player	2	0
string-pulling	2	0
strip-act	1	0
strip-club	1	0
strip-mines	1	0
strip-search	1	0
strip-tease	2	12
stripped-down	12	0
stripped-off	2	0
strobe-lit	1	0
stroke-maker	2	0
stroke-makers	1	0
stroke-player	1	0
strong-arm	4	3
strong-bow	0	2
strong-box	0	14
strong-boxes	0	2
strong-featured	1	0
strong-flavoured	1	0
strong-room	0	3
strong-scented	3	0
strong-smelling	13	0
strong-willed	4	0
strongly-built	1	0
strung-out	1	0
stuck-up	38	0
study-trip	1	0
stuffed-up	1	0
stumbling-block	2	0
stunt-girl	1	0
stunt-performing	1	0
stupid-looking	1	0
stupid-sounding	3	0
sub-atomic	3	12
sub-committee	1	1
sub-continent	2	20
sub-continental	1	12
sub-edited	1	2
sub-elite	1	0
sub-genre	1	4
sub-lessee	1	0
sub-machine	2	0
sub-normal	1	0
sub-par	8	1
sub-person	1	0
sub-plot	1	1
sub-post	2	0
sub-postmaster	2	0
sub-postmistresses	1	0
sub-prime	0	2
sub-species	1	0
sub-standard	6	55
sub-title	1	7
sub-woofer	1	0
sub-zero	2	3
subject-matter	3	0
substance-abuse	1	0
substance-abuser	1	0
substance-less	0	2
sud-an	0	16
sudden-death	1	0
suet-based	1	0
suet-rich	1	0
sug-arcane	0	3
sugar-cane	0	3
sugar-coat	2	1
sugar-coated	7	0
sugar-coating	1	2
sugar-free	3	0
sugar-intolerant	1	0
sugar-lumps	1	0
sugar-making	1	0
sugar-producing	1	0
suit-case	0	25
suit-cases	0	8
suit-makers	1	0
suit-making	1	0
suit-shortening	1	0
suit-wearing	1	0
sulphur-filled	1	0
sulphur-free	1	0
sulphur-tin	1	0
sum-er	0	3
summer-house	0	32
summer-time	1	9
summing-up	4	0
sun-abandoned	1	0
sun-backed	1	0
sun-baked	2	2
sun-beam	0	6
sun-beams	0	2
sun-block	1	4
sun-blocker	1	0
sun-bronzed	1	0
sun-day	0	390
sun-days	0	11
sun-drenched	1	1
sun-dried	1	0
sun-follower	2	0
sun-god	13	0
sun-hat	2	6
sun-helmet	1	0
sun-lamp	0	4
sun-lover	1	0
sun-originated	2	0
sun-roof	0	3
sun-seekers	0	2
sun-sourced	1	0
sun-stricken	1	0
sun-tan	1	16
sun-tanned	1	2
sun-tanner	1	0
sun-trap	1	1
sun-up	4	3
sun-worshipper	1	0
sunder-land	0	24
sunning-dale	0	2
supe-rego	0	3
super-affordable	1	0
super-balloon	1	0
super-busy	2	0
super-chilling	1	0
super-cool	2	0
super-detailed	1	0
super-drug	0	2
super-duper	2	0
super-ego	0	3
super-evil	1	0
super-fan	1	2
super-food	0	5
super-guy	1	0
super-happy	1	0
super-heroes	0	8
super-hot	2	0
super-injunction	2	0
super-insect	1	0
super-intelligence	1	0
super-large	1	0
super-market	1	207
super-polite	2	0
super-poll	1	0
super-punctilious	1	0
super-quick	1	0
super-religious	1	0
super-rich	2	0
super-secure	1	0
super-sized	1	3
super-smart	1	0
super-soft	1	1
super-sounding	1	0
super-spreader	1	1
super-superhuman	1	0
super-tough	1	1
super-tramp	0	6
super-vile	2	0
supercilious-ness	0	2
superhero-es	0	8
superhero-outfitted	1	0
superior-sounding	4	0
supermodel-like	1	0
supper-time	1	4
support-in	0	2
sure-fire	10	3
sure-footed	1	2
sure-rootedly	1	0
surf-board	0	5
surprised-looking	1	0
surveyor-general	1	0
sus-an	0	54
sus-anna	0	2
sus-sex	0	173
suspect-tracing	1	0
suspicious-looking	2	0
suss-ex	0	173
swag-holder	1	0
swal-lowed	1	461
swale-dale	0	5
swaled-ale	0	5
swamp-dweller	2	0
swamp-like	2	0
swan-ee	0	2
swan-like	1	0
swan-sea	0	20
swan-son	0	2
swan-song	1	6
swan-upping	4	0
swans-ea	0	20
swans-on	0	2
swear-word	13	7
sweat-covered	1	0
sweet-brier	0	4
sweet-chasers	1	0
sweet-corn	0	7
sweet-hearted	1	0
sweet-looking	1	0
sweet-loving	1	0
sweet-natured	2	0
sweet-scented	1	0
sweet-smelling	8	0
sweet-sounding	6	0
sweet-talk	13	0
sweet-talked	1	0
sweet-talker	3	0
sweet-talking	3	0
sweet-talks	4	0
sweet-tasting	2	0
sweetie-pie	1	0
sweetie-wife	1	0
swept-back	2	0
swift-footed	1	0
swift-moving	1	0
swift-sounding	1	0
swimming-bath	2	0
swimming-pool	4	0
swing-like	1	0
swing-music	1	0
switch-back	1	0
switch-gear	2	0
switch-over	2	0
switched-off	1	0
switched-on	3	0
swivel-chairs	1	0
swollen-headed	1	0
sword-bearer	3	0
sword-carrier	1	0
sword-fight	1	0
sword-holders	1	0
sword-shaped	3	0
sylph-like	1	2
synth-pop	2	0
ta-da	2	0
ta-gus	0	2
ta-in	0	4
ta-line	0	2
ta-mar	0	3
ta-mil	0	10
ta-ra	1	5
ta-sering	0	3
ta-ta	2	0
ta-tars	0	3
ta-ti	0	14
ta-tum	0	5
ta-urus	0	9
table-cloth	1	8
table-cooked	1	0
table-cover	1	0
table-linen	1	0
table-tennis	2	0
table-top	5	8
table-topper	2	0
table-turner	1	0
table-ware	0	33
tablet-op	0	8
tablet-taker	1	0
tabloid-like	1	0
tabloid-style	1	0
taboo-breaking	2	0
tacit-us	0	8
tad-caster	0	4
tag-us	0	2
tagger-on	1	0
tai-chi	1	0
tai-lender	0	5
tai-wan	0	27
tail-back	1	11
tail-coat	0	2
tail-end	7	0
tail-first	1	0
tail-gated	0	2
tail-gates	0	2
tail-gating	1	3
tail-less	7	427
tail-piece	1	9
tail-spin	0	8
tailor-made	8	0
tailor-makes	1	0
tails-pin	0	8
take-away	15	92
take-down	2	0
take-home	4	0
take-in	1	0
take-off	64	11
take-offs	2	2
take-out	2	0
take-over	1	54
take-overs	0	3
take-up	1	0
taking-off	1	0
tale-teller	17	2
tale-tellers	3	1
tale-telling	1	0
talent-spotting	1	0
tali-ban	0	14
tali-ne	0	2
tali-sker	0	3
talk-show	3	2
talked-about	3	0
talked-of	2	0
talking-point	1	0
talking-to	5	0
talks-how	0	2
tall-inn	0	10
tall-is	0	6
tall-stemmed	1	0
tam-ar	0	3
tam-pa	0	2
tam-pico	0	2
tan-noy	0	6
tan-trist	0	2
tandem-rider	1	0
tangerine-coloured	1	0
tangi-ers	0	11
tank-top	2	2
tanto-mile	0	2
tantrum-thrower	1	0
tao-ism	0	9
tap-dance	2	0
tap-danced	1	0
tap-dancing	4	0
tap-in	2	0
tape-holder	1	0
tape-record	2	0
tar-dis	0	19
tar-ka	0	5
tar-smeller	1	0
tar-spattered	1	0
tar-ted	0	9
tas-er	0	19
tas-ers	0	2
tas-mania	0	16
tas-so	0	4
tash-kent	0	9
task-oriented	1	0
taste-buds	1	0
tasty-looking	2	0
tat-um	0	5
tau-pi	0	4
taunt-on	0	10
tawny-toed	1	0
tax-averse	1	0
tax-avoidance	1	0
tax-based	1	0
tax-collecting	1	0
tax-cutting	1	0
tax-free	22	0
tax-man	2	32
tax-payer	0	8
tax-paying	1	0
tax-raising	1	0
tax-related	1	0
taxi-driver	9	0
taxi-drivers	2	0
taxi-man	1	0
tay-lor	0	40
tay-side	0	2
te-d	1	158
te-rah	0	3
tea-bag	1	2
tea-blending	1	0
tea-break	4	0
tea-cake	0	4
tea-cosy	1	0
tea-cups	1	8
tea-drinking	1	0
tea-growing	2	0
tea-holder	1	0
tea-leaves	1	0
tea-maker	7	0
tea-making	4	0
tea-party	4	0
tea-pot	0	30
tea-pots	0	5
tea-producing	1	0
tea-room	1	4
tea-rooms	0	3
tea-set	2	1
tea-shop	1	18
tea-shops	0	3
tea-strainer	1	0
tea-things	1	0
tea-time	7	61
tea-times	0	3
tea-tree	1	0
tea-urn	3	0
tea-user	2	0
tea-vee	0	2
teach-in	3	0
teach-ins	1	0
teach-yourself	1	0
team-beater	1	0
team-building	5	0
team-leader	3	0
team-mate	12	14
team-mates	4	4
team-work	0	4
tear-arse	2	0
tear-covered	1	0
tear-drop	0	2
tear-drops	0	3
tear-gas	1	0
tear-inducing	1	0
tear-jerker	18	4
tear-jerkers	2	0
tear-jerking	5	2
tear-sheet	0	2
tear-spilling	1	0
teas-hop	0	18
teas-hops	0	3
teas-made	0	2
tech-savvy	1	0
technologically-advanced	1	0
tedding-ton	0	2
teddy-boy	1	0
tee-heed	1	0
tee-shirt	1	0
tee-shirts	2	0
tee-total	1	57
teeny-weeny	2	0
tees-side	0	9
tehr-an	0	25
tel-ford	0	23
tel-star	0	4
tele-vised	1	19
telegraph-funded	1	0
tell-tale	12	17
telling-off	5	0
telly-tubby	0	4
tels-tar	0	4
temperature-sensing	1	0
ten-by	0	7
ten-cent	2	0
ten-decker	1	0
ten-digit	1	0
ten-dollar	1	0
ten-fold	1	11
ten-foot	2	0
ten-gallon	1	0
ten-love	1	0
ten-man	1	0
ten-pieced	2	0
ten-second	1	0
ten-shilling	1	0
ten-sided	1	0
ten-te	0	2
ten-year	5	0
ten-zing	0	2
tender-hearted	3	0
tender-loin	1	5
tender-sounding	2	0
tene-rife	0	22
tennis-player	1	0
tenny-son	0	43
tense-free	1	0
tense-sounding	1	0
tension-filled	1	0
tension-reducer	1	0
tent-door	1	0
tent-dwellers	2	0
tent-like	1	0
tenter-hooks	0	5
term-time	3	0
terrible-looking	1	0
terrible-sounding	4	0
terror-stricken	3	0
test-case	1	0
test-driver	1	0
test-market	1	0
test-match	1	0
test-piece	1	0
test-tube	1	0
test-tubes	1	0
testosterone-fuelled	1	0
text-book	1	44
text-changer	1	0
text-er	0	2
text-moving	1	0
text-processing	1	0
text-speak	1	0
thank-you	16	8
thatcher-ism	0	6
thatcher-style	1	0
the-ban	0	7
the-bans	0	2
the-cuff	1	0
the-guardian	0	4
the-roof	1	0
the-wagon	1	0
the-wisp	2	0
theatre-balls	1	0
theatre-goer	4	8
theatre-goers	4	5
theatre-land	0	9
theatre-worker	1	0
theme-word	1	0
there-and	1	0
there-min	0	2
these-us	0	7
thick-headed	4	0
thick-knee	1	0
thick-necked	1	0
thick-skinned	43	0
thick-soled	2	0
thief-taker	1	0
thin-faced	1	0
thin-skinned	3	0
thin-sliced	1	0
thin-sounding	4	0
think-tank	1	0
thinly-spread	1	0
thinly-stretched	1	0
third-born	1	0
third-class	5	0
third-degree	1	0
third-generation	1	0
third-grade	2	0
third-level	1	0
third-party	4	0
third-rank	1	0
third-rate	25	0
third-stream	2	0
thirteen-line	1	0
thirty-first	1	0
thirty-four	1	0
thirty-nine	1	0
thirty-one	14	0
thirty-six	1	0
thirty-three	1	0
thirty-two	1	0
this-be	0	4
this-world	1	0
tho-mas	0	168
thong-like	1	0
thorn-bound	1	0
thorn-dike	0	2
thorough-going	1	5
thought-of	1	0
thought-provoking	4	0
thoughtless-sounding	1	0
thousand-kilogramme	1	0
thousand-smacker	1	0
three-act	2	0
three-bar	2	0
three-card	4	0
three-day	2	0
three-dimensional	8	0
three-faced	1	0
three-fifths	4	0
three-fifty	1	0
three-figure	1	0
three-foot	3	0
three-four	1	0
three-ha	1	0
three-halfpenny	1	0
three-handed	2	0
three-hour	1	0
three-legged	16	0
three-letter	1	0
three-line	2	0
three-love	1	0
three-man	1	0
three-masted	2	0
three-master	1	0
three-minute	1	0
three-month	1	0
three-nation	1	0
three-nil	1	0
three-note	1	0
three-page	1	0
three-part	3	0
three-parter	1	0
three-penny	1	7
three-piece	5	0
three-pipe	2	0
three-point	2	0
three-pointed	1	0
three-pound	1	0
three-pronged	4	0
three-quarter	9	0
three-quarters	42	0
three-sided	1	0
three-speed	1	0
three-star	1	0
three-toed	2	0
three-way	4	0
three-wheel	1	0
three-wheeled	1	0
three-wheeler	27	0
three-wheelers	1	0
three-year	1	0
thrice-cooked	1	0
thrice-daily	1	0
thrill-seeker	3	0
thriller-writer	2	0
throat-band	1	0
throne-holder	1	0
throne-occupier	1	0
throne-room	2	0
throw-back	1	11
throw-in	4	0
throw-ins	1	0
throw-out	1	0
thrown-up	1	0
thumb-marked	1	0
thumb-thing	0	2
thumbs-down	4	0
thumbs-up	11	0
thunder-clap	0	2
thunder-storm	0	3
thunderous-looking	1	0
thus-wise	1	0
ti-bet	0	44
ti-gris	0	9
ti-mor	0	18
ti-na	0	39
ti-rana	0	2
tick-borne	1	0
ticker-tape	1	0
ticket-collector	1	0
ticket-holder	1	0
ticket-holders	1	0
ticket-seller	2	0
ticking-off	5	0
tidal-flow	1	0
tiddly-winks	1	1
tidied-up	1	0
tidy-up	1	0
tidying-up	1	0
tie-beam	1	0
tie-break	6	1
tie-breaker	2	3
tie-dyed	2	0
tie-dyeing	1	0
tie-in	6	0
tie-ins	1	0
tie-on	2	0
tie-polo	0	4
tie-up	2	0
tie-ups	1	0
tie-wearing	1	0
tied-up	1	0
tiff-any	0	12
tiggy-winkle	1	1
tight-fisted	19	2
tight-fitting	14	0
tight-head	1	0
tight-knit	8	1
tight-lipped	33	0
tight-pants	1	0
tight-woven	1	0
tightly-fitting	1	0
tightly-held	1	0
tightly-packed	1	0
til-lie	0	2
timber-built	1	0
timber-lined	1	0
time-consuming	17	0
time-delay	1	0
time-honoured	6	0
time-keeper	3	24
time-keepers	0	4
time-keeping	0	3
time-lags	1	0
time-line	2	7
time-off	1	0
time-out	3	2
time-piece	2	40
time-poor	1	0
time-saver	4	0
time-saving	10	0
time-server	2	2
time-share	6	11
time-sharing	5	0
time-shifted	1	0
time-study	1	0
time-traveller	2	0
time-waster	4	0
time-wasters	1	0
time-wasting	16	0
time-worn	3	1
tin-carrying	1	0
tin-eared	1	0
tin-filling	1	0
tin-glazed	1	0
tin-opener	16	0
tin-openers	2	0
tin-plated	3	0
tin-producing	1	0
tin-tin	0	19
tin-ware	1	0
tinker-bell	0	2
tinsel-town	0	10
tint-in	0	19
tip-less	0	2
tip-off	35	0
tip-top	14	8
tipped-over	1	0
tipped-up	1	0
tipper-ary	0	14
tipsy-sounding	1	0
tired-looking	4	0
tissue-hardening	1	0
tissue-type	1	0
tissue-wrapped	1	0
tit-bits	1	9
tit-us	0	7
tita-ness	0	5
titan-ess	0	5
titanium-iron	1	0
titch-marsh	0	7
title-holder	13	5
title-holders	3	1
tittle-tattle	19	0
to-back	1	0
to-be	1	0
to-bias	0	7
to-do	33	0
to-dos	1	0
to-earth	1	0
to-follow	1	0
to-go	0	8
to-kay	0	5
to-mane	0	3
to-ole	0	3
to-rah	0	10
to-rode	0	2
to-to	0	17
to-write	1	0
toad-like	1	0
tobacco-importer	1	0
tobacco-pipes	1	0
toe-cap	1	2
toe-curling	4	0
toe-eating	2	0
toe-nail	1	26
toe-nails	0	8
toe-nibbler	1	0
toe-tapping	1	0
toff-free	1	0
toffee-covered	1	0
toffee-maker	1	0
toffee-nosed	6	0
toilet-related	1	0
toilet-roll	1	0
toilet-trained	2	0
tole-do	0	14
tolerance-wise	1	0
toll-free	3	0
toll-road	1	0
tom-ane	0	3
tom-cat	0	8
tom-tit	2	1
tom-tom	4	0
tom-toms	1	0
tomato-based	1	0
tomato-like	1	0
tommy-rot	0	3
ton-bridge	0	3
ton-gan	0	4
ton-to	0	4
ton-up	2	0
tone-deaf	4	0
toned-down	1	0
tong-an	0	4
tongue-lashing	4	0
tongue-piercing	1	0
tongue-tied	11	0
tongue-twisted	1	0
tongue-twister	3	0
tongue-twisters	1	0
tongue-twisting	1	0
tony-pandy	0	2
tool-holder	1	0
tool-shed	1	6
tooth-filling	1	0
tooth-puller	2	0
top-billed	1	0
top-class	114	0
top-coat	0	10
top-cut	1	0
top-down	3	0
top-drawer	2	0
top-end	3	0
top-flight	6	0
top-floor	1	0
top-grade	13	0
top-heaviest	1	0
top-hole	2	0
top-less	1	1493
top-level	22	0
top-line	1	2
top-liner	3	3
top-notch	35	0
top-price	1	0
top-priority	2	0
top-quality	23	0
top-rank	4	0
top-ranked	5	0
top-ranking	5	0
top-rate	2	0
top-rated	4	0
top-right	1	0
top-secret	1	0
top-selling	2	0
top-shelf	1	0
top-sliced	2	0
top-tier	2	0
top-up	5	0
topped-up	1	0
topper-up	1	0
topsy-turvy	22	1
tor-ah	0	10
tor-bay	0	11
tor-ode	0	2
tor-onto	0	23
tor-quay	0	31
tor-res	0	3
tor-vill	0	3
torch-bearer	1	2
tori-es	0	350
tori-no	0	4
torn-up	3	0
torr-es	0	3
tortoise-like	1	0
tortoise-shell	0	6
tortoises-hell	0	6
toss-up	7	0
tot-ti	0	2
touch-down	1	13
touch-line	1	6
touch-screen	1	0
touch-type	1	0
tough-guy	1	0
tough-looking	1	0
tough-sounding	1	0
toupee-clad	1	0
tour-guide	1	0
tow-back	1	0
tower-duty	1	0
town-planning	1	0
town-shend	0	2
towns-hend	0	2
toy-boy	1	1
toy-maker	0	4
toyo-ta	0	11
track-pate	1	0
track-side	1	1
track-suit	1	14
tracker-dog	1	0
trade-in	5	0
trade-marked	0	5
trade-off	8	0
trade-offs	2	0
trades-person	0	16
traditional-style	1	0
traffic-centre	1	0
traffic-free	4	0
traffic-heavy	1	0
tragi-comic	0	2
trail-bike	1	0
trail-blazer	3	19
trail-blazers	0	3
trail-blazing	0	4
trail-hound	1	0
train-bearers	4	0
train-robber	1	0
train-set	1	0
train-shed	1	0
train-spotter	0	18
train-spotters	2	1
train-spotting	1	8
train-users	1	0
training-ground	1	0
trains-potter	0	18
trains-potting	0	8
tram-car	0	4
tram-lines	1	3
trance-inducing	1	0
trance-like	1	0
trans-atlantic	1	35
trans-continental	0	3
trans-dimensional	1	0
trans-formational	1	1
trap-door	1	7
trauma-resistant	1	0
trave-lodge	0	2
trave-stied	0	2
travel-lin	0	2
travel-pass	1	0
travel-sick	2	0
traves-tied	0	2
trawl-nets	1	0
tray-cloth	1	0
treasure-chest	1	0
treasure-chests	2	0
treasure-promising	1	0
treasure-trove	4	0
treat-size	1	0
tree-beard	0	4
tree-climber	2	0
tree-climbing	2	1
tree-covered	3	0
tree-crazy	1	0
tree-dweller	19	0
tree-dwellers	2	0
tree-dwelling	6	0
tree-feller	1	0
tree-god	1	0
tree-house	4	3
tree-hugger	9	0
tree-huggers	1	0
tree-hugging	9	0
tree-like	3	0
tree-lined	18	0
tree-man	1	0
tree-top	3	18
tree-trimmer	1	0
tree-trunk	5	0
trench-coat	0	3
trench-digger	1	0
trencher-man	0	2
trencher-men	0	3
trend-chasing	1	0
trend-setter	0	7
trend-setting	1	2
tribes-person	0	3
trickle-down	1	0
trident-carrier	1	0
tried-getting	1	0
tries-te	0	10
trigger-happy	3	0
trimmed-down	1	0
trip-advisor	0	2
triple-century	1	0
triple-echo	1	0
triple-glazed	1	0
triple-layered	2	0
triple-pace	1	0
triple-x	1	0
trist-an	0	20
trist-ram	0	10
trodden-on	1	0
troll-ope	0	18
trollop-ean	0	3
troop-ship	0	3
troops-hip	0	3
trot-sky	0	41
trots-ky	0	41
trouble-free	6	0
trouble-maker	16	218
trouble-makers	2	34
trouble-making	5	4
trouser-clad	1	0
trouser-opening	2	0
trouser-wearer	2	0
trout-catcher	1	0
trout-fishing	1	0
trout-like	1	1
troy-es	0	2
truck-driver	1	0
truck-load	0	2
true-ale	1	0
true-believers	1	0
true-blue	1	0
true-born	2	0
true-hearted	1	0
true-life	1	0
true-pitched	1	0
true-sounding	1	0
trump-like	4	0
trump-style	5	0
trumped-up	4	0
trumpet-bearer	1	0
trumpet-bearing	1	0
trumpet-blowing	2	0
truth-telling	1	0
truth-twisters	1	0
try-ons	1	0
try-out	15	0
tub-thumper	3	0
tub-thumping	4	0
tube-like	1	0
tube-rail	1	0
tube-shaped	1	0
tuck-in	1	0
tuck-like	1	0
tug-boat	1	6
tum-tum	1	1
tumble-down	1	12
tumble-dried	1	0
tumble-drier	2	0
tumble-dry	1	0
tumble-dryer	1	0
tumble-dryers	1	0
tumble-weed	0	2
tun-bridge	0	6
tun-is	0	13
tuna-fish	1	0
tune-up	1	0
tungsten-tipped	2	0
tuppenny-ha	2	0
turbo-assisted	1	0
turbo-props	1	0
turd-free	1	0
turkey-based	1	0
turkey-trot	1	0
turkey-trotting	1	0
turn-about	0	3
turn-abouts	0	2
turn-berry	0	6
turn-down	1	0
turn-off	12	0
turn-on	6	0
turn-out	6	13
turn-over	4	186
turn-up	15	0
turn-ups	1	0
turned-on	2	0
turned-out	2	0
turned-up	3	0
turning-circle	1	0
turning-point	5	0
turnover-like	1	0
turnstile-operator	1	0
tut-te	0	2
twa-handed	1	0
tweeds-muir	0	2
tweet-mad	1	0
twelfth-century	1	0
twelve-bores	1	0
twelve-hour	2	0
twelve-inch	5	0
twelve-ish	1	0
twelve-month	1	3
twelve-seater	1	0
twelve-stone	2	0
twelve-tone	1	0
twentieth-century	4	0
twenty-eight	2	0
twenty-fifth	4	0
twenty-five	9	0
twenty-four	42	0
twenty-fourth	1	0
twenty-nine	3	0
twenty-odd	1	0
twenty-one	11	0
twenty-pence	1	0
twenty-seven	5	0
twenty-sided	1	0
twenty-six	6	0
twenty-ten	1	0
twenty-two	5	0
twice-cited	1	0
twice-daily	1	0
twice-divorced	1	0
twice-married	5	0
twice-snubbed	1	0
twice-used	1	0
twice-yearly	2	0
twin-hulled	2	0
twin-set	1	1
twin-tub	1	0
twisted-sounding	5	0
twizzle-stick	1	0
two-armed	1	0
two-barrelled	1	0
two-bit	2	0
two-club	1	0
two-course	1	0
two-day	2	0
two-digit	1	0
two-dimensional	10	0
two-door	1	0
two-edged	1	0
two-faced	18	0
two-fifths	3	0
two-fingered	3	0
two-fold	2	10
two-foot	2	0
two-footed	1	0
two-handed	2	0
two-hander	1	0
two-hour	6	0
two-item	1	0
two-knights	1	0
two-legged	1	0
two-love	2	0
two-man	3	0
two-masted	4	0
two-master	9	0
two-nil	1	0
two-note	1	0
two-page	2	0
two-part	8	0
two-party	2	0
two-pennyworth	1	0
two-person	1	0
two-piece	10	0
two-point	2	0
two-pointer	1	0
two-pronged	1	0
two-rayed	1	0
two-score	1	0
two-seater	5	0
two-sided	7	0
two-stage	1	0
two-star	2	0
two-starred	1	0
two-step	3	0
two-stroke	2	0
two-term	1	0
two-thirds	102	0
two-time	5	0
two-timed	1	0
two-timer	2	0
two-timers	1	0
two-times	2	0
two-timing	5	0
two-toed	1	0
two-ton	1	0
two-tone	4	0
two-tongued	2	0
two-way	17	0
two-week	1	0
two-wheeled	14	0
two-wheeler	18	0
two-wheelers	1	0
two-word	1	0
two-year	3	0
tyg-er	0	2
tyne-mouth	0	2
tyne-side	0	192
tynes-ide	0	192
type-face	1	18
type-founder	1	0
type-size	1	0
tyre-changing	1	0
tyro-lean	0	8
tyro-ne	0	9
uber-sailor	1	0
ule-in	0	2
ulster-man	0	4
ulster-men	0	3
ult-ras	0	2
ultra-cheap	1	0
ultra-cold	1	0
ultra-conservative	3	1
ultra-conservatives	4	0
ultra-deer	1	0
ultra-fashionable	1	0
ultra-happy	1	0
ultra-harsh	1	0
ultra-hot	1	0
ultra-innovative	1	0
ultra-masculine	1	0
ultra-modern	2	3
ultra-nationalist	1	0
ultra-orthodox	1	0
ultra-rare	1	0
ultra-reinforced	1	0
ultra-republicans	1	0
ultra-right	1	0
ultra-romantic	1	0
ultra-spiritual	1	0
ultra-vision	1	0
ultra-vox	0	3
ultra-wobbly	1	0
umber-to	0	3
un-acceptably	0	4
un-ai	0	2
un-attracted	0	2
un-banked	1	0
un-birthday	1	0
un-branded	0	2
un-briefed	0	3
un-characteristic	0	2
un-chirpy	1	0
un-coded	0	2
un-contained	0	3
un-conventionally	0	21
un-convincingly	0	3
un-credited	0	3
un-decorated	0	12
un-differentiated	0	2
un-discriminating	0	2
un-encoded	0	2
un-ethically	0	4
un-fancied	0	6
un-fussy	0	11
un-hemmed	0	2
un-libertarian	1	0
un-liked	0	2
un-melodic	0	3
un-metal	1	0
un-named	1	90
un-originally	0	4
un-packaged	0	3
un-piratical	1	0
un-predictability	0	3
un-pretentiousness	0	3
un-problematic	0	3
un-professionally	0	2
un-realistically	0	3
un-reliably	0	3
un-representative	0	3
un-republican	1	0
un-rising	0	2
un-roadworthy	0	2
un-satisfactorily	0	3
un-seasonal	0	3
un-sportingly	0	2
un-started	0	12
un-stimulating	0	2
un-stylish	0	3
un-surprising	0	2
un-surprisingly	0	7
un-timed	1	1
un-tipped	0	4
un-twisted	1	2
un-welcoming	0	13
uncalled-for	11	0
unco-operative	3	20
unco-operatively	1	0
unco-ordinated	1	6
unde-rage	0	7
under-achievement	0	2
under-age	4	7
under-appreciated	1	0
under-bodice	1	1
under-crust	1	0
under-developed	1	6
under-educated	1	1
under-eighteen	1	0
under-employed	2	2
under-fire	1	0
under-ground	1	668
under-lens	1	0
under-occupied	1	0
under-par	1	0
under-performing	3	3
under-privileged	0	6
under-production	1	0
under-reporting	1	0
under-represented	2	0
under-secretary	8	1
under-sized	1	16
under-twos	1	0
under-way	0	5
underachieve-ment	0	2
uneven-coloured	1	0
ungenerous-sounding	1	0
ungula-tes	0	16
unhealthy-looking	17	0
uni-lever	0	3
uniform-free	3	0
uniform-wearing	2	0
union-dominated	1	0
union-fixer	1	0
union-related	3	0
united-style	1	0
unlooked-for	2	0
unpack-aged	0	3
unpleasant-sounding	1	0
unpredict-ability	0	3
unpretentious-ness	0	3
unpretentious-sounding	1	0
unproductive-sounding	1	0
unrealistic-ally	0	3
unrefined-sounding	1	0
up-beat	1	26
up-country	5	2
up-cycling	1	1
up-dike	0	6
up-downs	1	0
up-end	4	8
up-ended	12	103
up-ending	3	13
up-front	21	66
up-market	8	43
up-minster	0	3
up-river	5	10
up-stages	1	0
up-tempo	2	0
up-tight	1	26
up-to	1	0
up-ton	0	2
up-train	2	0
upas-tree	1	0
upper-case	2	0
upper-class	428	0
upper-classes	1	0
upper-crust	4	0
upper-leg	1	0
upset-tingly	0	5
upside-down	114	0
upwardly-mobile	6	0
ur-als	0	8
ur-anus	0	16
ur-is	0	2
uranium-enriched	4	0
urban-dweller	1	0
urchin-like	1	0
urgent-looking	1	0
us-aid	0	2
us-ain	0	14
us-band	0	2
us-born	2	0
us-controlled	1	0
us-made	1	0
us-owned	1	0
us-signed	1	0
us-style	14	0
use-net	0	2
used-car	1	0
useless-sounding	1	0
user-friendly	3	0
user-generated	1	0
user-name	0	6
ut-ah	0	57
ut-es	0	2
ut-tar	0	5
vacuum-maker	1	0
vacuum-packed	1	0
vali-um	0	8
valley-born	1	0
valley-dweller	1	0
values-lite	1	0
vampire-slayer	2	0
vanessa-mae	1	0
vapour-filled	1	0
vase-line	0	3
vat-exempt	1	0
vat-free	1	0
vatic-an	0	89
vaulting-horse	1	0
vegetable-crazy	1	0
vegetable-like	2	0
vehicle-free	1	0
vel-out	0	4
vent-nor	0	2
vermilion-coloured	1	0
vermin-infested	1	0
vermin-killing	1	0
vermin-ridden	1	0
vers-ace	0	12
verse-making	1	0
vet-tel	0	2
veto-free	1	0
via-gra	0	32
vic-ky	0	5
vice-admiral	8	0
vice-captain	2	0
vice-chairperson	1	0
vice-chancellor	2	0
vice-consul	11	0
vice-like	2	0
vice-president	39	0
vice-presidential	1	0
victoria-like	1	0
victualling-house	1	0
video-conferencing	0	4
villa-goers	1	0
villa-style	1	0
vim-to	0	4
vin-cent	0	31
vine-reduced	1	0
violet-blue	3	0
violet-coloured	1	0
violet-grey	1	0
violin-maker	4	1
violin-making	1	0
virile-sounding	1	0
virtue-signaller	2	0
vitamin-infused	1	0
viz-type	1	0
voice-activated	1	0
voice-mail	0	5
vole-like	1	0
volley-ball	0	10
volta-ire	0	21
volte-face	40	1
volume-measuring	1	0
vomit-inducing	1	0
vomit-like	1	0
vote-casting	1	0
vote-counting	1	0
vote-loser	3	0
vote-manipulating	1	0
vote-seeker	1	0
vote-seeking	5	0
vote-winners	1	0
vulgar-sounding	3	0
wag-yu	0	2
wage-earner	1	0
wage-earners	2	0
wage-limited	1	0
wage-packets	1	0
wagon-lit	2	0
waist-deep	1	0
wait-rose	0	6
waiting-maid	1	0
wake-up	38	0
wald-orf	0	4
walk-about	1	24
walk-in	2	4
walk-man	0	2
walk-on	16	0
walk-out	1	3
walk-over	0	16
walking-pace	1	0
walking-stick	3	0
walking-sticks	1	0
wall-ace	0	21
wall-banger	0	2
wall-building	1	0
wall-coating	2	0
wall-is	0	6
wall-painting	3	0
wall-pictures	1	0
wan-king	0	2
wander-in	0	2
wands-worth	0	4
war-beck	0	3
war-club	1	0
war-craft	0	4
war-cry	1	0
war-god	2	0
war-horse	0	22
war-horses	0	3
war-mad	1	0
war-ne	0	16
war-oriented	1	0
war-paint	0	2
war-saw	0	21
war-time	3	148
war-torn	15	0
war-weary	1	0
war-wick	0	13
war-wounded	1	0
war-zone	1	4
warm-down	1	0
warm-hearted	1	0
warm-up	12	0
warm-ups	1	0
warm-weather	1	0
warmed-up	1	0
warming-up	1	0
warring-ton	0	3
wars-aw	0	21
wart-hog	0	2
was-hout	0	11
wash-basin	0	4
wash-board	0	2
wash-day	0	2
wash-out	2	11
washed-out	7	0
washed-up	4	0
washer-dryer	2	0
washer-up	1	0
washer-upper	2	0
washing-machine	1	0
washing-place	1	0
washing-ton	0	306
washing-up	8	0
wasp-like	1	0
waste-basket	0	2
waste-disposer	1	0
waste-paper	1	4
waste-pipe	2	1
waste-processing	1	0
wat-ergate	0	8
wat-ford	0	12
wat-son	0	21
watch-chain	1	0
watch-dog	1	18
watch-tower	0	5
water-based	2	0
water-bearer	1	0
water-bearing	2	0
water-beast	1	0
water-bed	1	2
water-bird	1	19
water-birds	0	3
water-borne	3	3
water-carrier	10	0
water-carriers	1	0
water-carrying	1	0
water-colour	0	12
water-colourist	0	5
water-colours	1	5
water-containing	1	0
water-covered	2	0
water-craft	0	3
water-deprived	1	0
water-dweller	2	0
water-filled	4	0
water-ford	0	2
water-fowl	1	26
water-gate	0	8
water-heater	3	0
water-house	0	5
water-ices	1	0
water-lily	1	0
water-line	1	1
water-locked	1	0
water-loo	0	86
water-loving	2	0
water-melon	0	3
water-monster	2	0
water-pipe	2	0
water-proof	1	158
water-raising	1	0
water-regulator	1	0
water-repellent	2	0
water-resistant	3	0
water-ship	0	3
water-skier	1	0
water-soaked	1	0
water-soluble	1	0
water-source	2	0
water-spaniel	1	0
water-spirits	1	0
water-sport	1	5
water-spouts	0	2
water-starved	1	0
water-tower	1	0
watered-down	5	0
watering-hole	26	0
watering-holes	4	0
waters-hip	0	3
waters-port	0	5
waters-pouts	0	2
watery-eyed	1	0
wats-on	0	21
wave-making	1	0
wave-riding	1	0
waver-ley	0	2
way-ne	0	22
way-out	27	0
we-ill	0	2
we-ren	0	31
we-sker	0	5
we-sley	0	5
weak-hearted	1	0
weak-heeled	1	0
weak-ish	0	2
weak-kneed	4	0
weak-looking	2	0
weak-minded	2	0
weak-sounding	2	0
weak-spirited	1	0
weak-willed	5	0
wealth-creation	1	0
weapon-carrier	2	0
weapon-holder	2	0
wear-side	0	2
wears-ide	0	2
weary-looking	1	0
weasel-like	2	0
weather-battered	1	0
weather-beaten	8	0
weather-changing	1	0
weather-field	0	2
weather-proof	0	6
weather-related	1	0
weather-wise	2	0
web-based	2	0
web-designing	1	0
web-footed	5	1
web-like	1	0
web-page	0	2
web-savvy	1	0
web-user	2	0
wedding-day	1	0
wedding-ring	1	0
wedge-like	1	0
wedge-shaped	4	0
wee-wee	5	0
weed-free	1	0
weedy-looking	1	0
week-end	3	152
week-long	4	2
weekly-paid	1	0
weepie-maker	1	0
weigh-ins	1	0
weight-bearing	1	0
weight-lifter	3	16
weight-lifters	0	2
weight-lifting	1	12
weight-loss	5	0
weight-watcher	5	4
weight-watchers	0	8
weird-looking	1	0
well-adapted	2	0
well-adjusted	4	0
well-advised	3	0
well-aimed	1	0
well-and	0	2
well-argued	1	0
well-armed	3	0
well-balanced	14	0
well-behaved	28	0
well-being	12	11
well-birthed	1	0
well-boring	1	0
well-born	2	0
well-bowled	1	0
well-bred	29	0
well-briefed	2	0
well-browned	1	0
well-built	31	0
well-camouflaged	1	0
well-chewed	1	0
well-chosen	8	0
well-compensated	1	0
well-concealed	1	0
well-connected	9	0
well-constructed	2	0
well-cooked	6	0
well-crafted	2	0
well-cushioned	1	0
well-cut	2	0
well-defended	1	0
well-defined	3	0
well-deserved	1	0
well-designed	1	1
well-developed	7	0
well-directed	3	0
well-disciplined	1	0
well-disguised	1	0
well-disposed	3	0
well-documented	1	0
well-doers	1	0
well-done	1	0
well-dressed	17	0
well-drilled	3	0
well-earned	2	0
well-educated	6	0
well-endowed	11	0
well-engaged	1	0
well-equipped	6	0
well-er	0	8
well-es	0	7
well-established	10	0
well-exercised	1	0
well-favoured	1	0
well-fed	10	0
well-filled	6	0
well-focused	1	0
well-formed	1	0
well-founded	6	0
well-funded	3	0
well-groomed	16	0
well-grown	1	0
well-handled	1	0
well-healed	1	0
well-heeled	12	0
well-hidden	1	0
well-informed	61	0
well-integrated	1	0
well-intentioned	1	0
well-judged	1	0
well-kept	11	0
well-known	163	0
well-liked	22	0
well-limited	1	0
well-lit	2	0
well-loved	4	0
well-made	7	0
well-managed	1	0
well-mannered	28	0
well-marked	1	0
well-matched	4	0
well-meaning	9	0
well-muscled	1	0
well-nigh	3	0
well-nourished	2	0
well-off	30	0
well-oiled	16	0
well-ordered	6	0
well-organised	15	0
well-organized	1	0
well-padded	2	0
well-paid	6	0
well-painted	1	0
well-panelled	1	0
well-paying	1	0
well-penned	1	0
well-pitched	1	0
well-placed	6	0
well-planned	2	0
well-pleased	1	0
well-policed	1	0
well-practised	1	0
well-prepared	3	0
well-presented	1	0
well-preserved	3	0
well-produced	2	0
well-proportioned	6	0
well-protected	4	0
well-provided	2	0
well-publicised	1	0
well-published	1	0
well-qualified	3	0
well-read	31	0
well-reasoned	1	0
well-regarded	5	0
well-regulated	1	0
well-rehearsed	4	0
well-respected	8	0
well-ripened	1	0
well-rooted	1	0
well-rounded	14	0
well-scrubbed	1	0
well-seasoned	2	0
well-shaken	1	0
well-shod	2	0
well-spoken	16	0
well-stacked	1	0
well-stirred	1	0
well-stocked	2	0
well-stored	1	0
well-structured	2	0
well-styled	1	0
well-suited	2	0
well-supplied	3	0
well-tanned	1	0
well-tended	2	0
well-timed	2	0
well-trained	11	0
well-travelled	3	0
well-trimmed	2	0
well-trodden	1	0
well-turned	1	0
well-upholstered	5	0
well-used	5	0
well-ventilated	10	0
well-versed	8	0
well-watered	1	0
well-wisher	5	0
well-wishers	1	0
well-worn	15	0
welling-ton	0	68
welly-boot	2	0
welsh-man	0	271
welsh-men	0	5
welsh-supplied	1	0
welsh-woman	0	14
welter-weight	0	2
wem-bley	0	25
wend-ers	0	2
went-worth	0	3
west-bound	3	72
west-coast	2	0
west-country	1	0
west-east	1	0
west-facing	23	0
west-flowing	2	0
west-life	0	2
west-minster	0	131
west-wood	0	6
western-inclined	1	0
westward-looking	1	0
wet-look	1	0
wet-rot	1	0
wet-weather	2	0
wether-spoon	0	4
wether-spoons	0	2
wethers-poon	0	4
wethers-poons	0	2
whale-hunter	1	0
whale-killer	1	0
whats-app	0	4
wheat-based	1	0
wheat-farming	1	0
wheel-bound	1	0
wheel-checker	1	0
wheel-less	3	2
wheel-locking	1	0
wheel-protector	1	0
wheel-turning	1	0
wheeler-dealer	12	0
wheeler-dealers	1	0
whim-whams	1	0
whimsical-sounding	1	0
whip-round	25	0
whiskey-covered	1	0
whiskey-guzzling	1	0
whisky-covered	1	0
whisky-drinking	1	0
whisky-maker	2	0
whistle-blower	68	38
whistle-blowers	4	1
whistle-blowing	1	0
whistle-whetting	1	0
whit-by	0	7
whit-church	0	2
whit-man	0	8
whit-ney	0	3
whit-stable	0	3
whit-sun	0	5
white-bearded	1	0
white-chapel	0	18
white-collar	9	0
white-faced	2	0
white-flowered	1	0
white-friars	0	2
white-furred	1	0
white-haired	2	0
white-hall	0	44
white-haven	0	2
white-head	0	3
white-headed	2	0
white-hot	1	0
white-house	0	5
white-knuckle	1	0
white-livered	1	0
white-out	1	0
white-skinned	1	0
white-tipped	2	0
white-washed	1	0
whitish-grey	2	0
whits-table	0	3
whits-un	0	5
whizz-round	1	0
who-re	0	10
whole-hearted	1	4
whole-meal	0	3
wich-ita	0	2
wicked-sounding	1	0
wicket-keeper	1	8
wicket-keepers	1	0
wicket-less	0	2
wide-angle	2	0
wide-angled	1	0
wide-awake	3	1
wide-bladed	1	0
wide-brimmed	3	0
wide-eyed	5	0
wide-hipped	1	0
wide-mouthed	3	0
wide-open	3	0
wide-ranging	21	0
wide-screen	1	4
wide-sleeved	1	0
widely-dispersed	1	0
widely-distributed	3	0
widely-encountered	1	0
widely-spaced	1	0
widely-spread	1	0
widow-like	1	0
wife-abandoning	1	0
wife-beater	1	0
wife-beating	2	0
wife-killer	1	0
wife-stealing	1	0
wife-swap	1	0
wife-swappers	1	0
wife-swapping	4	0
wig-gins	0	4
wiki-leaks	0	2
wild-cat	1	30
wild-cats	0	2
wild-ean	0	2
wild-eyed	5	0
wild-flower	0	3
wild-fowl	0	8
wild-goose	1	0
wild-haired	1	0
wild-west	1	0
will-is	0	7
will-power	2	5
willow-warbler	1	0
willow-wielding	1	0
wilt-shire	0	23
wilts-hire	0	23
wily-sounding	1	0
wimble-don	0	189
wimbled-on	0	189
win-dies	0	6
win-slow	0	2
win-stone	0	4
win-ton	0	3
win-win	3	0
winch-ester	0	41
wind-bags	0	2
wind-battered	1	0
wind-blown	1	1
wind-break	0	3
wind-down	1	0
wind-player	4	0
wind-powered	3	0
wind-resistant	1	0
wind-up	27	0
winder-mere	0	10
winder-up	1	0
winding-up	1	0
window-cleaner	3	0
window-cleaning	1	0
window-dressing	1	0
window-fitter	1	0
window-frame	3	0
window-shade	1	0
window-shop	1	0
window-sill	1	0
windows-related	1	0
winds-or	0	60
wine-bar	1	0
wine-based	3	0
wine-blending	1	0
wine-bottles	1	0
wine-butts	1	0
wine-carrier	1	0
wine-cellar	1	0
wine-coloured	1	0
wine-drinker	1	0
wine-drinkers	1	0
wine-drinking	2	0
wine-exporting	1	0
wine-glass	0	2
wine-growing	4	0
wine-house	0	5
wine-lover	2	0
wine-maker	2	10
wine-makers	2	0
wine-making	6	1
wine-producing	10	0
wine-production	1	0
wine-rack	1	0
wine-seller	1	0
wine-shop	1	0
wine-tasting	1	0
wing-like	1	0
wing-shaped	1	0
wing-walking	1	0
winkle-pickers	1	0
wins-let	0	2
wins-low	0	2
wins-ton	0	7
wins-tone	0	4
wipe-clean	1	0
wipe-out	2	2
wiped-out	1	0
wire-tapped	1	0
wire-tapper	1	1
wire-taps	1	4
wis-den	0	2
wise-cracker	0	3
wise-guy	1	1
wise-looking	2	0
wise-man	0	3
wisecrack-er	0	3
wish-fulfilment	1	0
witch-doctor	0	2
witch-hunt	6	1
witch-hunts	1	0
with-it	6	0
with-out	2	10080
within-home	1	0
wo-gan	0	6
wo-king	0	3
wo-ollie	0	2
wo-opie	0	2
wo-tan	0	3
woe-begotten	1	0
wolf-gang	0	4
wolf-hound	0	3
wolf-like	1	0
wolf-man	1	0
wolf-whistles	1	0
woman-chaser	1	0
women-only	6	0
won-ka	0	6
wonder-bra	0	6
wonder-struck	2	1
wonder-workers	1	0
woo-hoo	1	2
woo-pie	0	2
wood-burners	1	0
wood-cutter	2	33
wood-dweller	1	0
wood-eating	2	0
wood-fired	1	0
wood-louse	1	6
wood-nymph	1	0
wood-pile	1	2
wood-processing	1	0
wood-roasted	1	0
wood-sorrel	1	0
wood-stock	0	5
wood-stripper	1	0
wood-turning	1	0
wood-workers	0	6
wood-worm	0	7
wooden-faced	1	0
wooden-headed	1	1
woods-tock	0	5
woodwork-ers	0	6
wool-cutter	1	0
wool-gatherer	2	1
wool-gathering	6	2
wool-lie	0	2
wool-producer	3	0
wool-producers	1	0
wool-sorter	1	0
wool-worker	1	0
wool-worth	0	2
woolly-headed	2	0
woolly-minded	1	0
woos-nam	0	2
worcester-shire	0	22
word-blindness	1	0
word-botching	1	0
word-game	0	3
word-lover	1	0
word-muddler	1	0
word-perfect	3	0
word-processing	3	0
word-wise	2	0
words-worth	0	33
work-out	9	20
work-permit	1	0
work-register	1	0
work-related	1	0
work-room	2	24
work-shy	13	14
work-spaces	0	2
work-time	1	1
work-up	1	0
worked-out	1	0
worked-up	2	0
working-class	22	0
working-out	1	0
works-paces	0	2
world-beater	1	0
world-beaters	2	0
world-beating	1	0
world-class	5	1
world-famous	1	0
world-renowned	3	0
world-view	1	2
world-weariness	3	0
worldly-wise	3	0
worm-catcher	1	0
worm-catchers	1	0
worm-like	2	1
worn-down	2	0
worn-out	79	0
worse-tempered	1	0
wot-an	0	3
would-be	93	0
wound-up	1	0
wrap-around	4	2
wrap-up	1	0
wrath-filled	1	0
wreath-laying	1	0
wren-tit	1	0
wrinkle-covered	1	0
wrinkle-defying	1	0
wrinkle-free	2	0
wrist-watch	0	3
write-down	1	0
write-in	2	0
write-off	5	0
write-offs	1	0
write-up	16	0
write-ups	2	0
writer-director	1	0
writing-desk	1	0
writing-fluid	1	0
writing-instrument	1	0
written-up	2	0
wrong-doer	0	24
wrong-doers	2	9
wrong-doing	2	111
wrong-doings	0	7
wrong-foot	2	0
wrong-footed	3	0
wrong-handed	1	0
wrong-headed	2	1
wrong-sounding	1	0
wrought-iron	3	0
wurst-case	1	0
wynd-ham	0	3
xi-menes	0	6
yank-ee	0	599
yard-arm	0	5
yawn-making	1	0
ye-do	3	0
ye-men	0	51
year-book	0	59
year-books	0	4
year-end	11	0
year-long	2	2
year-old	25	0
year-olds	4	0
year-round	1	0
yell-er	0	3
yellow-brown	2	0
yellow-coloured	1	0
yellow-flowered	1	0
yellow-flowering	1	0
yellow-green	1	0
yellow-grey	1	0
yellow-jacketed	1	0
yellow-stone	0	8
yellow-white	1	0
yellowish-beige	2	0
yellowish-brown	23	0
yellowish-green	3	0
yellowish-orange	1	0
yellowish-red	1	0
yellowish-white	7	0
yellows-tone	0	8
yellowy-brown	3	0
yellowy-green	1	0
yellowy-orange	1	0
yelt-sin	0	9
yelts-in	0	9
yes-man	24	2
yes-men	9	3
yeti-like	2	0
yield-based	1	0
yo-da	0	4
yo-ko	0	22
yo-rick	0	12
yo-yo	10	0
yo-yos	1	0
yob-stopper	1	0
yoghurt-based	1	0
yogurt-based	1	0
yogurt-like	1	0
yoof-like	1	0
york-shire	0	572
york-shireman	0	29
york-shiremen	0	4
york-style	1	0
yorks-hire	0	572
you-call	3	0
you-tube	0	18
you-tuber	0	3
youngest-looking	1	0
youth-leader	1	0
yu-cat	0	4
yu-kon	0	5
yuca-tan	0	2
yuk-on	0	5
yule-log	1	0
yum-yum	1	0
zap-pa	0	4
ze-aland	0	122
ze-it	0	2
ze-no	0	11
ze-us	0	59
zea-land	0	122
zea-lander	0	24
zeal-and	0	122
zen-da	0	3
zero-cost	1	0
zero-emission	1	0
zero-emissions	1	0
zero-energy	1	0
zero-hour	3	0
zero-rated	1	0
zero-tax	1	0
zig-zag	6	9
zip-join	1	0
zo-la	0	38
zoo-keepers	0	3
zoomed-in	1	0
